M1 disposable Supabase started in an isolated temporary project.

> supaplate@1.0 prebuild
> npm run typecheck


> supaplate@1.0 typecheck
> react-router typegen && tsc


> supaplate@1.0 build
> react-router build

vite v7.3.6 building client environment for production...
transforming...
✓ 2743 modules transformed.
Generated an empty chunk: "robots".
Generated an empty chunk: "sitemap".
Generated an empty chunk: "resend".
Generated an empty chunk: "logout".
Generated an empty chunk: "feed".
Generated an empty chunk: "revit-download".
Generated an empty chunk: "drawing-native-assets".
Generated an empty chunk: "drawing-native-dwg-download".
Generated an empty chunk: "drawing-native-dwg-export".
Generated an empty chunk: "drawing-workspace-export".
Generated an empty chunk: "drawing-workspace-operation".
Generated an empty chunk: "local-drawing-p5-source-manifest".
Generated an empty chunk: "local-drawing-pdf-current".
Generated an empty chunk: "local-drawing-pdf-preview".
Generated an empty chunk: "local-drawing-workspace-operation".
Generated an empty chunk: "material-control-export".
Generated an empty chunk: "project-file-download".
Generated an empty chunk: "verified-boq-export".
rendering chunks...
computing gzip size...
build/client/.vite/manifest.json                                           64.48 kB │ gzip:   5.98 kB
build/client/assets/pdf.worker.min-CHFwMXne.mjs                         1,262.40 kB
build/client/assets/nprogress-BgDCIyLK.css                                  1.09 kB │ gzip:   0.44 kB
build/client/assets/root-7yf5o0gX.css                                     178.74 kB │ gzip:  30.10 kB
build/client/assets/robots-l0sNRNKZ.js                                      0.00 kB │ gzip:   0.02 kB
build/client/assets/sitemap-l0sNRNKZ.js                                     0.00 kB │ gzip:   0.02 kB
build/client/assets/resend-l0sNRNKZ.js                                      0.00 kB │ gzip:   0.02 kB
build/client/assets/logout-l0sNRNKZ.js                                      0.00 kB │ gzip:   0.02 kB
build/client/assets/feed-l0sNRNKZ.js                                        0.00 kB │ gzip:   0.02 kB
build/client/assets/revit-download-l0sNRNKZ.js                              0.00 kB │ gzip:   0.02 kB
build/client/assets/drawing-native-assets-l0sNRNKZ.js                       0.00 kB │ gzip:   0.02 kB
build/client/assets/drawing-native-dwg-download-l0sNRNKZ.js                 0.00 kB │ gzip:   0.02 kB
build/client/assets/drawing-native-dwg-export-l0sNRNKZ.js                   0.00 kB │ gzip:   0.02 kB
build/client/assets/drawing-workspace-export-l0sNRNKZ.js                    0.00 kB │ gzip:   0.02 kB
build/client/assets/drawing-workspace-operation-l0sNRNKZ.js                 0.00 kB │ gzip:   0.02 kB
build/client/assets/local-drawing-p5-source-manifest-l0sNRNKZ.js            0.00 kB │ gzip:   0.02 kB
build/client/assets/local-drawing-pdf-current-l0sNRNKZ.js                   0.00 kB │ gzip:   0.02 kB
build/client/assets/local-drawing-pdf-preview-l0sNRNKZ.js                   0.00 kB │ gzip:   0.02 kB
build/client/assets/local-drawing-workspace-operation-l0sNRNKZ.js           0.00 kB │ gzip:   0.02 kB
build/client/assets/material-control-export-l0sNRNKZ.js                     0.00 kB │ gzip:   0.02 kB
build/client/assets/project-file-download-l0sNRNKZ.js                       0.00 kB │ gzip:   0.02 kB
build/client/assets/verified-boq-export-l0sNRNKZ.js                         0.00 kB │ gzip:   0.02 kB
build/client/assets/drawing-workspace-quantity-lineage-BYNIKMFb.js          0.06 kB │ gzip:   0.08 kB
build/client/assets/login-redirect-CQpNgjii.js                              0.11 kB │ gzip:   0.12 kB
build/client/assets/minus-zn355L72.js                                       0.13 kB │ gzip:   0.14 kB
build/client/assets/check-Bm0bAVU6.js                                       0.13 kB │ gzip:   0.15 kB
build/client/assets/loader-circle-CjFwoF81.js                               0.16 kB │ gzip:   0.16 kB
build/client/assets/plus-CAfs-3eS.js                                        0.17 kB │ gzip:   0.16 kB
build/client/assets/private.layout-CpFjqYUc.js                              0.17 kB │ gzip:   0.16 kB
build/client/assets/public.layout-CpFjqYUc.js                               0.17 kB │ gzip:   0.16 kB
build/client/assets/arrow-left-Bep9KAZE.js                                  0.18 kB │ gzip:   0.17 kB
build/client/assets/arrow-right-BIehSXRk.js                                 0.18 kB │ gzip:   0.17 kB
build/client/assets/search-BlFIngjb.js                                      0.18 kB │ gzip:   0.17 kB
build/client/assets/circle-check-C8ciN87-.js                                0.18 kB │ gzip:   0.17 kB
build/client/assets/user-round-CKcc9qth.js                                  0.19 kB │ gzip:   0.18 kB
build/client/assets/verified-boq-comparison-links-j9drk2A_.js               0.19 kB │ gzip:   0.17 kB
build/client/assets/circle-x-1-zP6BDL.js                                    0.21 kB │ gzip:   0.19 kB
build/client/assets/project-upload-finalize-B0LRMVpP.js                     0.22 kB │ gzip:   0.18 kB
build/client/assets/drawing-workspace-measurement-evidence-C1HAudkC.js      0.23 kB │ gzip:   0.19 kB
build/client/assets/drawing-workspace-legacy-h8WZS5FO.js                    0.25 kB │ gzip:   0.20 kB
build/client/assets/link-2-sXHgODxm.js                                      0.25 kB │ gzip:   0.21 kB
build/client/assets/menu-re5El0VE.js                                        0.25 kB │ gzip:   0.18 kB
build/client/assets/file-check-2-CQZVVEY0.js                                0.27 kB │ gzip:   0.21 kB
build/client/assets/upload-D2r7_OTC.js                                      0.27 kB │ gzip:   0.22 kB
build/client/assets/download-D75KUibS.js                                    0.27 kB │ gzip:   0.23 kB
build/client/assets/book-open-jmwnKOKi.js                                   0.29 kB │ gzip:   0.22 kB
build/client/assets/ifc-anchor-ChB0zrmj.js                                  0.29 kB │ gzip:   0.26 kB
build/client/assets/layout-template-0Mmun0pW.js                             0.30 kB │ gzip:   0.20 kB
build/client/assets/bell-BR-bthgZ.js                                        0.30 kB │ gzip:   0.25 kB
build/client/assets/folder-open-DLKSepg6.js                                 0.30 kB │ gzip:   0.23 kB
build/client/assets/clipboard-check-BgxXHWHS.js                             0.32 kB │ gzip:   0.24 kB
build/client/assets/users-CAD63dkP.js                                       0.32 kB │ gzip:   0.24 kB
build/client/assets/user-plus-ArJg7Sj4.js                                   0.32 kB │ gzip:   0.24 kB
build/client/assets/box-Dj9XjxK_.js                                         0.32 kB │ gzip:   0.24 kB
build/client/assets/shield-check-C-JZdDge.js                                0.33 kB │ gzip:   0.26 kB
build/client/assets/file-search-BUodOq7u.js                                 0.34 kB │ gzip:   0.25 kB
build/client/assets/file-text-Ln2VIJRS.js                                   0.34 kB │ gzip:   0.23 kB
build/client/assets/archive-restore-S8qL3xyj.js                             0.35 kB │ gzip:   0.25 kB
build/client/assets/newspaper-DGkVPoL7.js                                   0.36 kB │ gzip:   0.26 kB
build/client/assets/ruler-14pxEHHC.js                                       0.41 kB │ gzip:   0.26 kB
build/client/assets/building-2-5UeLtHWm.js                                  0.45 kB │ gzip:   0.26 kB
build/client/assets/jsx-runtime-u17CrQMm.js                                 0.48 kB │ gzip:   0.31 kB
build/client/assets/message-square-text-JJx0jEiU.js                         0.52 kB │ gzip:   0.30 kB
build/client/assets/drawing-pagination-CP0IJUTI.js                          0.52 kB │ gzip:   0.31 kB
build/client/assets/calculator-AmED-_Az.js                                  0.54 kB │ gzip:   0.29 kB
build/client/assets/index-C_LY7fWy.js                                       0.60 kB │ gzip:   0.42 kB
build/client/assets/confirm-mj6JDtwV.js                                     0.61 kB │ gzip:   0.45 kB
build/client/assets/drawing-workspace-paths-DCX2sx9Q.js                     0.64 kB │ gzip:   0.36 kB
build/client/assets/label-Az-9c7G0.js                                       0.73 kB │ gzip:   0.47 kB
build/client/assets/project-quantities-CEfiNInY.js                          0.88 kB │ gzip:   0.47 kB
build/client/assets/project-reviews-CEfiNInY.js                             0.88 kB │ gzip:   0.47 kB
build/client/assets/project-CEfiNInY.js                                     0.88 kB │ gzip:   0.47 kB
build/client/assets/input-CD3lsRCd.js                                       0.88 kB │ gzip:   0.49 kB
build/client/assets/createLucideIcon-DMndPtoK.js                            0.90 kB │ gzip:   0.56 kB
build/client/assets/context-BUtoArgI.js                                     0.99 kB │ gzip:   0.60 kB
build/client/assets/organization-invitation-accept-DIK63KwT.js              1.01 kB │ gzip:   0.63 kB
build/client/assets/tslib.es6-CmEaCU22.js                                   1.08 kB │ gzip:   0.54 kB
build/client/assets/preload-helper-BXl3LOEh.js                              1.11 kB │ gzip:   0.65 kB
build/client/assets/badge-DxH5l0x9.js                                       1.25 kB │ gzip:   0.62 kB
build/client/assets/pdf-page-renderer.client-B9iCft46.js                    1.61 kB │ gzip:   0.88 kB
build/client/assets/workspace-Bjarb1Mp.js                                   1.65 kB │ gzip:   0.92 kB
build/client/assets/button-BW3ydj7b.js                                      1.66 kB │ gzip:   0.76 kB
build/client/assets/card-DM2OcgCE.js                                        1.88 kB │ gzip:   0.80 kB
build/client/assets/join-DVgfqRTD.js                                        2.13 kB │ gzip:   1.16 kB
build/client/assets/magic-link-DA_tM3XB.js                                  2.15 kB │ gzip:   1.17 kB
build/client/assets/workspace-preview-room-qucr0R75.js                      2.29 kB │ gzip:   1.24 kB
build/client/assets/privacy-z3up29hG.js                                     2.32 kB │ gzip:   1.26 kB
build/client/assets/dialog-B3zb3Vee.js                                      2.43 kB │ gzip:   0.92 kB
build/client/assets/index-BwZ7D8UJ.js                                       2.51 kB │ gzip:   1.21 kB
build/client/assets/index-D5drsK32.js                                       2.57 kB │ gzip:   1.09 kB
build/client/assets/drawing-runtime-mKVEt7mU.js                             2.60 kB │ gzip:   1.30 kB
build/client/assets/sheet-D_YRp2Qw.js                                       2.63 kB │ gzip:   0.92 kB
build/client/assets/workspace-preview-C1qmnYBc.js                           2.66 kB │ gzip:   1.33 kB
build/client/assets/staff-inquiries-B_RvjEoA.js                             2.80 kB │ gzip:   1.38 kB
build/client/assets/ifc-browser-BIxPHIqf.js                                 2.86 kB │ gzip:   1.46 kB
build/client/assets/drawing-entry-B3IQQ-gx.js                               2.97 kB │ gzip:   1.42 kB
build/client/assets/post-Dws1Ma7c.js                                        2.97 kB │ gzip:   1.43 kB
build/client/assets/index-CAJl-opu.js                                       3.44 kB │ gzip:   1.54 kB
build/client/assets/project-members-BnxEX0WM.js                             3.58 kB │ gzip:   1.59 kB
build/client/assets/index-7OC5HNn7.js                                       3.61 kB │ gzip:   1.58 kB
build/client/assets/drawing-notifications-C5xVyHh-.js                       3.69 kB │ gzip:   1.71 kB
build/client/assets/drawing-workspace--HZ7G73o.js                           3.70 kB │ gzip:   1.64 kB
build/client/assets/index-C-3cpBSd.js                                       3.71 kB │ gzip:   1.42 kB
build/client/assets/project-workspace-nav-DUryMnp3.js                       3.77 kB │ gzip:   1.58 kB
build/client/assets/shared-drawing-CC5nUEop.js                              3.79 kB │ gzip:   1.75 kB
build/client/assets/posts-ChSYkPur.js                                       3.85 kB │ gzip:   1.83 kB
build/client/assets/information-requirements-CWgTou82.js                    3.96 kB │ gzip:   1.80 kB
build/client/assets/drawing-room-B2JwTL5K.js                                4.12 kB │ gzip:   1.93 kB
build/client/assets/suggestion-pilot-DuTKGNzt.js                            4.27 kB │ gzip:   2.01 kB
build/client/assets/shared-drawing-viewer.client-C2HFZ5sV.js                4.89 kB │ gzip:   2.18 kB
build/client/assets/index-BaXDrP0c.js                                       5.21 kB │ gzip:   2.01 kB
build/client/assets/element-identities-g8X3va5w.js                          5.40 kB │ gzip:   1.96 kB
build/client/assets/project-drawings-CfqTUoax.js                            5.70 kB │ gzip:   2.01 kB
build/client/assets/shared-project-AeMLV3Gi.js                              5.73 kB │ gzip:   2.42 kB
build/client/assets/navigation.layout-dlzzEQYl.js                           6.06 kB │ gzip:   2.48 kB
build/client/assets/inquiry-DvNIyotA.js                                     6.24 kB │ gzip:   2.55 kB
build/client/assets/preflight-artifact-Bp4cFmTX.js                          6.61 kB │ gzip:   2.37 kB
build/client/assets/organization-retention-2XyXIXb8.js                      6.99 kB │ gzip:   2.22 kB
build/client/assets/pdf-drawing-viewer.client-DbZArTwA.js                   7.54 kB │ gzip:   3.16 kB
build/client/assets/takeoff-artifact-rFc5MHBg.js                            7.56 kB │ gzip:   2.62 kB
build/client/assets/download-RzLt0cNo.js                                    8.47 kB │ gzip:   3.40 kB
build/client/assets/organization-drawing-library-B8drniNz.js               11.32 kB │ gzip:   3.53 kB
build/client/assets/organization-settings-CZIHRmBT.js                      11.75 kB │ gzip:   3.37 kB
build/client/assets/drawing-awareness--jiwzPE4.js                          14.08 kB │ gzip:   4.96 kB
build/client/assets/local-drawing-workspace-preview-DbR_d0PQ.js            14.87 kB │ gzip:   4.95 kB
build/client/assets/home-DDz2cXdy.js                                       16.82 kB │ gzip:   5.50 kB
build/client/assets/drawing-workspace-new-ClKc3UFP.js                      18.67 kB │ gzip:   6.04 kB
build/client/assets/material-control-D3iL3nRb.js                           23.08 kB │ gzip:   7.36 kB
build/client/assets/workspace-preview-room.client-DjcZ3nRK.js              23.09 kB │ gzip:   7.15 kB
build/client/assets/drawing-workspace.types-Kl2KkhuR.js                    23.63 kB │ gzip:   7.34 kB
build/client/assets/Combination-B_hmza-7.js                                23.91 kB │ gzip:   8.61 kB
build/client/assets/utils-Cd13OnTz.js                                      24.84 kB │ gzip:   7.89 kB
build/client/assets/drawing-room.client-5aZIaCEK.js                        25.93 kB │ gzip:   7.26 kB
build/client/assets/ifc-model-viewer.client-Bq0VXb4p.js                    27.63 kB │ gzip:   7.78 kB
build/client/assets/workspace-dashboard-D20UVkHY.js                        27.67 kB │ gzip:   8.34 kB
build/client/assets/hocuspocus-provider.esm-Bi1oS2a-.js                    29.18 kB │ gzip:   7.90 kB
build/client/assets/drawing-geometry-CU7LGoaI.js                           31.45 kB │ gzip:  10.09 kB
build/client/assets/drawing-export-dialog-Pbny5mWl.js                      37.00 kB │ gzip:  12.81 kB
build/client/assets/verified-boq-B8o-JKql.js                               42.52 kB │ gzip:  10.70 kB
build/client/assets/root-DrZLuntO.js                                       43.83 kB │ gzip:  14.03 kB
build/client/assets/GLTFLoader-C4vuyUaM.js                                 45.13 kB │ gzip:  13.70 kB
build/client/assets/dropdown-menu-DkwjzeDD.js                              49.77 kB │ gzip:  16.97 kB
build/client/assets/index-CFEKd020.js                                      60.06 kB │ gzip:  14.39 kB
build/client/assets/project-files-Bcnhn9CZ.js                             121.74 kB │ gzip:  31.77 kB
build/client/assets/chunk-62JRHF6Z-CEf6IjHE.js                            132.07 kB │ gzip:  44.42 kB
build/client/assets/index-CIjD4k_T.js                                     230.59 kB │ gzip:  61.34 kB
build/client/assets/entry.client-BgrbTTJT.js                              234.90 kB │ gzip:  73.26 kB
build/client/assets/ifc-property-browser.client-Bkal2iah.js               248.13 kB │ gzip:  68.51 kB
build/client/assets/three.module-Dwpvtw6w.js                              349.73 kB │ gzip:  85.58 kB
build/client/assets/drawing-canvas.client-xKWald2z.js                     385.53 kB │ gzip: 117.49 kB
build/client/assets/pdf-DMRcuM1e.js                                       434.00 kB │ gzip: 128.93 kB
build/client/assets/index-Cz6W52s7.js                                     527.24 kB │ gzip: 210.03 kB
build/client/assets/drawing-workspace-Daouq0mm.js                         530.85 kB │ gzip: 149.55 kB

(!) Some chunks are larger than 500 kB after minification. Consider:
- Using dynamic import() to code-split the application
- Use build.rollupOptions.output.manualChunks to improve chunking: https://rollupjs.org/configuration-options/#output-manualchunks
- Adjust chunk size limit for this warning via build.chunkSizeWarningLimit.
✓ built in 10.52s
  ⚠️  Future Flag Warning: Route middleware support is changing in React Router v8.
     You can use the `future.v8_middleware` flag to opt in early.
     -> https://reactrouter.com/v7/upgrading/future#futurev8_middleware
  ⚠️  Future Flag Warning: Route module splitting behavior is changing in React Router v8.
     You can use the `future.v8_splitRouteModules` flag to opt in early.
     -> https://reactrouter.com/v7/upgrading/future#futurev8_splitroutemodules
  ⚠️  Future Flag Warning: Vite Environment API usage is changing in React Router v8.
     You can use the `future.v8_viteEnvironmentApi` flag to opt in early.
     -> https://reactrouter.com/v7/upgrading/future#futurev8_viteenvironmentapi
  ⚠️  Future Flag Warning: Request handling behavior is changing in React Router v8.
     You can use the `future.v8_passThroughRequests` flag to opt in early.
     -> https://reactrouter.com/v7/upgrading/future#futurev8_passthroughrequests
  ⚠️  Future Flag Warning: Data request URL formats are changing in React Router v8.
     You can use the `future.v8_trailingSlashAwareDataRequests` flag to opt in early.
     -> https://reactrouter.com/v7/upgrading/future#futurev8_trailingslashawaredatarequests
vite v7.3.6 building ssr environment for production...
transforming...
✓ 250 modules transformed.
rendering chunks...
[plugin vite:reporter] 
(!) /Users/h/Documents/GoAgent/.worktrees/universal-workspace-m1/.superpowers/sdd/2026-09-06-native-dwg-approved-resave-source/runtime-validation/shared-runtime.ugp7sy/platform/app/lukas/lib/verified-boq-approved-export.server.ts is dynamically imported by /Users/h/Documents/GoAgent/.worktrees/universal-workspace-m1/.superpowers/sdd/2026-09-06-native-dwg-approved-resave-source/runtime-validation/shared-runtime.ugp7sy/platform/app/lukas/lib/drawing-quantity-lineage.server.ts but also statically imported by /Users/h/Documents/GoAgent/.worktrees/universal-workspace-m1/.superpowers/sdd/2026-09-06-native-dwg-approved-resave-source/runtime-validation/shared-runtime.ugp7sy/platform/app/lukas/lib/drawing-estimate.server.ts, /Users/h/Documents/GoAgent/.worktrees/universal-workspace-m1/.superpowers/sdd/2026-09-06-native-dwg-approved-resave-source/runtime-validation/shared-runtime.ugp7sy/platform/app/lukas/screens/verified-boq.tsx, dynamic import will not move module into another chunk.

build/server/.vite/manifest.json                                   4.21 kB
build/server/assets/nprogress-BgDCIyLK.css                         1.09 kB
build/server/assets/server-build-DVFMobNK.css                    178.98 kB
build/server/assets/drawing-canvas.client-lD_WUNU2.js              0.06 kB
build/server/assets/shared-drawing-viewer.client-9CyKfGv2.js       0.07 kB
build/server/assets/drawing-room.client-9CyKfGv2.js                0.07 kB
build/server/assets/workspace-preview-room.client-9CyKfGv2.js      0.07 kB
build/server/assets/pdf-page-renderer.client-CuLmpHpX.js           0.13 kB
build/server/assets/resend-client.server-DUz3qED0.js               0.13 kB
build/server/assets/supa-admin-client.server-B_ddS2Pj.js           0.20 kB
build/server/assets/ifc-property-browser.client-CIo_HTVF.js        0.33 kB
build/server/index.js                                              1.24 kB
build/server/assets/drawing-export-dialog-C3QPFFGV.js             40.07 kB
build/server/assets/server-build-BGjNyY_B.js                   2,949.57 kB

✓ 2 assets cleaned from React Router server build.
build/client/assets/nprogress-BgDCIyLK.css
build/server/assets/server-build-DVFMobNK.css
✓ 1 asset moved from React Router server build to client assets.
build/client/assets/server-build-DVFMobNK.css

The "theme" cookie is not signed, but session cookies should be signed to prevent tampering on the client before they are sent back to the server. See https://reactrouter.com/explanation/sessions-and-cookies#signing-cookies for more information.
Prerender (data): /sitemap.xml -> build/client/sitemap.xml.data
Prerender (resource): /sitemap.xml -> build/client/sitemap.xml
Prerender (data): /robots.txt -> build/client/robots.txt.data
Prerender (resource): /robots.txt -> build/client/robots.txt
✓ built in 6.01s

> supaplate@1.0 build:collaboration
> tsc -p collaboration/tsconfig.json

{
  severity_local: 'NOTICE',
  severity: 'NOTICE',
  code: '00000',
  message: 'policy "hangil staff read projects" for relation "public.lukas_qto_projects" does not exist, skipping',
  file: 'dropcmds.c',
  line: '523',
  routine: 'does_not_exist_skipping'
}
{
  severity_local: 'NOTICE',
  severity: 'NOTICE',
  code: '00000',
  message: 'policy "hangil staff update projects" for relation "public.lukas_qto_projects" does not exist, skipping',
  file: 'dropcmds.c',
  line: '523',
  routine: 'does_not_exist_skipping'
}
{
  severity_local: 'NOTICE',
  severity: 'NOTICE',
  code: '00000',
  message: 'policy "hangil staff manage files" for relation "public.lukas_qto_files" does not exist, skipping',
  file: 'dropcmds.c',
  line: '523',
  routine: 'does_not_exist_skipping'
}
{
  severity_local: 'NOTICE',
  severity: 'NOTICE',
  code: '00000',
  message: 'policy "hangil staff manage reviews" for relation "public.lukas_qto_reviews" does not exist, skipping',
  file: 'dropcmds.c',
  line: '523',
  routine: 'does_not_exist_skipping'
}
{
  severity_local: 'NOTICE',
  severity: 'NOTICE',
  code: '00000',
  message: 'policy "hangil staff read source files" for relation "storage.objects" does not exist, skipping',
  file: 'dropcmds.c',
  line: '523',
  routine: 'does_not_exist_skipping'
}
{
  severity_local: 'NOTICE',
  severity: 'NOTICE',
  code: '00000',
  message: 'policy "hangil staff upload source files" for relation "storage.objects" does not exist, skipping',
  file: 'dropcmds.c',
  line: '523',
  routine: 'does_not_exist_skipping'
}
{
  severity_local: 'NOTICE',
  severity: 'NOTICE',
  code: '00000',
  message: 'policy "hangil staff delete source files" for relation "storage.objects" does not exist, skipping',
  file: 'dropcmds.c',
  line: '523',
  routine: 'does_not_exist_skipping'
}
{
  severity_local: 'NOTICE',
  severity: 'NOTICE',
  code: '42P06',
  message: 'schema "private" already exists, skipping',
  file: 'schemacmds.c',
  line: '132',
  routine: 'CreateSchemaCommand'
}
{
  severity_local: 'NOTICE',
  severity: 'NOTICE',
  code: '00000',
  message: 'policy "project members read file revision graph" for relation "public.lukas_qto_file_revisions" does not exist, skipping',
  file: 'dropcmds.c',
  line: '523',
  routine: 'does_not_exist_skipping'
}
{
  severity_local: 'NOTICE',
  severity: 'NOTICE',
  code: '00000',
  message: 'trigger "lukas_drawing_notifications_from_event" for relation "public.lukas_drawing_issue_events" does not exist, skipping',
  file: 'dropcmds.c',
  line: '523',
  routine: 'does_not_exist_skipping'
}
{
  severity_local: 'NOTICE',
  severity: 'NOTICE',
  code: '42P06',
  message: 'schema "extensions" already exists, skipping',
  file: 'schemacmds.c',
  line: '132',
  routine: 'CreateSchemaCommand'
}
{
  severity_local: 'NOTICE',
  severity: 'NOTICE',
  code: '42710',
  message: 'extension "pgcrypto" already exists, skipping',
  file: 'extension.c',
  line: '1791',
  routine: 'CreateExtension'
}
{
  severity_local: 'NOTICE',
  severity: 'NOTICE',
  code: '42701',
  message: 'column "name" of relation "lukas_drawing_objects" already exists, skipping',
  file: 'tablecmds.c',
  line: '7471',
  routine: 'check_for_column_name_collision'
}
{
  severity_local: 'NOTICE',
  severity: 'NOTICE',
  code: '00000',
  message: 'constraint "lukas_drawing_objects_name_contract" of relation "lukas_drawing_objects" does not exist, skipping',
  file: 'tablecmds.c',
  line: '12655',
  routine: 'ATExecDropConstraint'
}
{
  severity_local: 'NOTICE',
  severity: 'NOTICE',
  code: '00000',
  message: 'constraint "lukas_drawing_layers_name_contract" of relation "lukas_drawing_layers" does not exist, skipping',
  file: 'tablecmds.c',
  line: '12655',
  routine: 'ATExecDropConstraint'
}
{
  severity_local: 'NOTICE',
  severity: 'NOTICE',
  code: '00000',
  message: 'constraint "lukas_drawing_layers_source_contract" of relation "lukas_drawing_layers" does not exist, skipping',
  file: 'tablecmds.c',
  line: '12655',
  routine: 'ATExecDropConstraint'
}
{
  severity_local: 'NOTICE',
  severity: 'NOTICE',
  code: '00000',
  message: 'policy "workspace editors delete draft drawing layers" for relation "public.lukas_drawing_layers" does not exist, skipping',
  file: 'dropcmds.c',
  line: '523',
  routine: 'does_not_exist_skipping'
}
{
  severity_local: 'NOTICE',
  severity: 'NOTICE',
  code: '00000',
  message: 'trigger "lukas_drawing_object_issue_links_append_only" for relation "public.lukas_drawing_object_issue_links" does not exist, skipping',
  file: 'dropcmds.c',
  line: '523',
  routine: 'does_not_exist_skipping'
}
{
  severity_local: 'NOTICE',
  severity: 'NOTICE',
  code: '00000',
  message: 'trigger "lukas_drawing_layers_canvas_fill" for relation "public.lukas_drawing_layers" does not exist, skipping',
  file: 'dropcmds.c',
  line: '523',
  routine: 'does_not_exist_skipping'
}
{
  severity_local: 'NOTICE',
  severity: 'NOTICE',
  code: '42622',
  message: 'identifier "lukas_drawing_structure_block_compound_valid_pre_p2_contract_hardening" will be truncated to "lukas_drawing_structure_block_compound_valid_pre_p2_contract_ha"',
  file: 'scansup.c',
  line: '99',
  routine: 'truncate_identifier'
}
{
  severity_local: 'NOTICE',
  severity: 'NOTICE',
  code: '42622',
  message: 'identifier "lukas_drawing_structure_block_compound_valid_pre_p2_contract_hardening" will be truncated to "lukas_drawing_structure_block_compound_valid_pre_p2_contract_ha"',
  file: 'scansup.c',
  line: '99',
  routine: 'truncate_identifier'
}
{
  severity_local: 'NOTICE',
  severity: 'NOTICE',
  code: '00000',
  message: 'policy "workspace editors delete draft drawing layers" for relation "public.lukas_drawing_layers" does not exist, skipping',
  file: 'dropcmds.c',
  line: '523',
  routine: 'does_not_exist_skipping'
}
{
  severity_local: 'NOTICE',
  severity: 'NOTICE',
  code: '42622',
  message: 'identifier "lukas_drawing_structure_block_compound_valid_pre_p2_contract_hardening" will be truncated to "lukas_drawing_structure_block_compound_valid_pre_p2_contract_ha"',
  where: 'compilation of PL/pgSQL function "lukas_drawing_structure_block_compound_valid" near line 6',
  file: 'scansup.c',
  line: '99',
  routine: 'truncate_identifier'
}
{
  severity_local: 'NOTICE',
  severity: 'NOTICE',
  code: '42622',
  message: 'identifier "lukas_drawing_structure_block_compound_valid_pre_p2_contract_hardening" will be truncated to "lukas_drawing_structure_block_compound_valid_pre_p2_contract_ha"',
  position: '4877',
  file: 'scansup.c',
  line: '99',
  routine: 'truncate_identifier'
}
{
  severity_local: 'NOTICE',
  severity: 'NOTICE',
  code: '00000',
  message: 'trigger "lukas_drawing_tables_domain_guard" for relation "public.lukas_drawing_tables" does not exist, skipping',
  file: 'dropcmds.c',
  line: '523',
  routine: 'does_not_exist_skipping'
}
{
  severity_local: 'NOTICE',
  severity: 'NOTICE',
  code: '00000',
  message: 'trigger "lukas_drawing_documents_clone_source_clear" for relation "public.lukas_drawing_documents" does not exist, skipping',
  file: 'dropcmds.c',
  line: '523',
  routine: 'does_not_exist_skipping'
}
{
  severity_local: 'NOTICE',
  severity: 'NOTICE',
  code: '00000',
  message: 'trigger "lukas_drawing_block_instance_lineage_guard" for relation "public.lukas_drawing_block_instances" does not exist, skipping',
  file: 'dropcmds.c',
  line: '523',
  routine: 'does_not_exist_skipping'
}
{
  severity_local: 'NOTICE',
  severity: 'NOTICE',
  code: '00000',
  message: 'trigger "aaa_lukas_drawing_snapshot_lineage_writer" for relation "public.lukas_drawing_snapshots" does not exist, skipping',
  file: 'dropcmds.c',
  line: '523',
  routine: 'does_not_exist_skipping'
}
{
  severity_local: 'NOTICE',
  severity: 'NOTICE',
  code: '00000',
  message: 'trigger "lukas_drawing_clone_binding_guard" for relation "public.lukas_drawing_documents" does not exist, skipping',
  file: 'dropcmds.c',
  line: '523',
  routine: 'does_not_exist_skipping'
}
{
  severity_local: 'NOTICE',
  severity: 'NOTICE',
  code: '00000',
  message: 'trigger "lukas_drawing_template_clone_ledger_append_guard" for relation "private.lukas_drawing_template_clone_requests" does not exist, skipping',
  file: 'dropcmds.c',
  line: '523',
  routine: 'does_not_exist_skipping'
}
{
  severity_local: 'NOTICE',
  severity: 'NOTICE',
  code: '42622',
  message: 'identifier "lukas_drawing_apply_operation_pre_checkpoint_reference_authority" will be truncated to "lukas_drawing_apply_operation_pre_checkpoint_reference_authorit"',
  file: 'scansup.c',
  line: '99',
  routine: 'truncate_identifier'
}
{
  severity_local: 'NOTICE',
  severity: 'NOTICE',
  code: '42622',
  message: 'identifier "lukas_drawing_apply_operation_pre_checkpoint_reference_authority" will be truncated to "lukas_drawing_apply_operation_pre_checkpoint_reference_authorit"',
  file: 'scansup.c',
  line: '99',
  routine: 'truncate_identifier'
}
{
  severity_local: 'NOTICE',
  severity: 'NOTICE',
  code: '42622',
  message: 'identifier "lukas_drawing_apply_operation_pre_checkpoint_reference_authority" will be truncated to "lukas_drawing_apply_operation_pre_checkpoint_reference_authorit"',
  where: 'compilation of PL/pgSQL function "lukas_drawing_apply_operation" near line 6',
  file: 'scansup.c',
  line: '99',
  routine: 'truncate_identifier'
}
{
  severity_local: 'NOTICE',
  severity: 'NOTICE',
  code: '42622',
  message: 'identifier "lukas_drawing_apply_operation_pre_checkpoint_reference_authority" will be truncated to "lukas_drawing_apply_operation_pre_checkpoint_reference_authorit"',
  position: '3714',
  file: 'scansup.c',
  line: '99',
  routine: 'truncate_identifier'
}
{
  severity_local: 'NOTICE',
  severity: 'NOTICE',
  code: '42622',
  message: 'identifier "lukas_drawing_apply_operation_pre_checkpoint_reference_authority" will be truncated to "lukas_drawing_apply_operation_pre_checkpoint_reference_authorit"',
  where: 'compilation of PL/pgSQL function "lukas_drawing_apply_operation" near line 8',
  file: 'scansup.c',
  line: '99',
  routine: 'truncate_identifier'
}
{
  severity_local: 'NOTICE',
  severity: 'NOTICE',
  code: '42622',
  message: 'identifier "lukas_drawing_apply_operation_pre_checkpoint_reference_authority" will be truncated to "lukas_drawing_apply_operation_pre_checkpoint_reference_authorit"',
  position: '4118',
  file: 'scansup.c',
  line: '99',
  routine: 'truncate_identifier'
}
{
  severity_local: 'NOTICE',
  severity: 'NOTICE',
  code: '42622',
  message: 'identifier "lukas_drawing_apply_operation_pre_checkpoint_reference_authority" will be truncated to "lukas_drawing_apply_operation_pre_checkpoint_reference_authorit"',
  where: 'compilation of PL/pgSQL function "lukas_drawing_apply_operation" near line 136',
  file: 'scansup.c',
  line: '99',
  routine: 'truncate_identifier'
}
{
  severity_local: 'NOTICE',
  severity: 'NOTICE',
  code: '42622',
  message: 'identifier "lukas_drawing_apply_operation_pre_checkpoint_reference_authority" will be truncated to "lukas_drawing_apply_operation_pre_checkpoint_reference_authorit"',
  position: '9893',
  file: 'scansup.c',
  line: '99',
  routine: 'truncate_identifier'
}
{
  severity_local: 'NOTICE',
  severity: 'NOTICE',
  code: '00000',
  message: 'constraint "lukas_drawing_pages_name_contract" of relation "lukas_drawing_pages" does not exist, skipping',
  file: 'tablecmds.c',
  line: '12655',
  routine: 'ATExecDropConstraint'
}
{
  severity_local: 'NOTICE',
  severity: 'NOTICE',
  code: '00000',
  message: 'constraint "lukas_drawing_canvases_name_contract" of relation "lukas_drawing_canvases" does not exist, skipping',
  file: 'tablecmds.c',
  line: '12655',
  routine: 'ATExecDropConstraint'
}
{
  severity_local: 'NOTICE',
  severity: 'NOTICE',
  code: '00000',
  message: 'constraint "lukas_drawing_styles_name_contract" of relation "lukas_drawing_styles" does not exist, skipping',
  file: 'tablecmds.c',
  line: '12655',
  routine: 'ATExecDropConstraint'
}
{
  severity_local: 'NOTICE',
  severity: 'NOTICE',
  code: '00000',
  message: 'constraint "lukas_drawing_blocks_name_contract" of relation "lukas_drawing_blocks" does not exist, skipping',
  file: 'tablecmds.c',
  line: '12655',
  routine: 'ATExecDropConstraint'
}
{
  severity_local: 'NOTICE',
  severity: 'NOTICE',
  code: '00000',
  message: 'constraint "lukas_drawing_blocks_primitive_names_contract" of relation "lukas_drawing_blocks" does not exist, skipping',
  file: 'tablecmds.c',
  line: '12655',
  routine: 'ATExecDropConstraint'
}
{
  severity_local: 'NOTICE',
  severity: 'NOTICE',
  code: '00000',
  message: 'constraint "lukas_drawing_block_instances_name_contract" of relation "lukas_drawing_block_instances" does not exist, skipping',
  file: 'tablecmds.c',
  line: '12655',
  routine: 'ATExecDropConstraint'
}
{
  severity_local: 'NOTICE',
  severity: 'NOTICE',
  code: '00000',
  message: 'constraint "lukas_drawing_property_schemas_name_contract" of relation "lukas_drawing_property_schemas" does not exist, skipping',
  file: 'tablecmds.c',
  line: '12655',
  routine: 'ATExecDropConstraint'
}
{
  severity_local: 'NOTICE',
  severity: 'NOTICE',
  code: '00000',
  message: 'constraint "lukas_drawing_property_schemas_enum_option_names_contract" of relation "lukas_drawing_property_schemas" does not exist, skipping',
  file: 'tablecmds.c',
  line: '12655',
  routine: 'ATExecDropConstraint'
}
{
  severity_local: 'NOTICE',
  severity: 'NOTICE',
  code: '00000',
  message: 'constraint "lukas_drawing_tables_name_contract" of relation "lukas_drawing_tables" does not exist, skipping',
  file: 'tablecmds.c',
  line: '12655',
  routine: 'ATExecDropConstraint'
}
{
  severity_local: 'NOTICE',
  severity: 'NOTICE',
  code: '00000',
  message: 'constraint "lukas_drawing_tables_column_names_contract" of relation "lukas_drawing_tables" does not exist, skipping',
  file: 'tablecmds.c',
  line: '12655',
  routine: 'ATExecDropConstraint'
}
{
  severity_local: 'NOTICE',
  severity: 'NOTICE',
  code: '42622',
  message: 'identifier "lukas_drawing_apply_operation_pre_checkpoint_reference_authority" will be truncated to "lukas_drawing_apply_operation_pre_checkpoint_reference_authorit"',
  where: 'compilation of PL/pgSQL function "lukas_drawing_apply_operation_pre_p4_semantic_objects" near line 202',
  file: 'scansup.c',
  line: '99',
  routine: 'truncate_identifier'
}
{
  severity_local: 'NOTICE',
  severity: 'NOTICE',
  code: '42622',
  message: 'identifier "lukas_drawing_apply_operation_pre_checkpoint_reference_authority" will be truncated to "lukas_drawing_apply_operation_pre_checkpoint_reference_authorit"',
  position: '57847',
  file: 'scansup.c',
  line: '99',
  routine: 'truncate_identifier'
}
{
  severity_local: 'NOTICE',
  severity: 'NOTICE',
  code: '00000',
  message: 'policy "lukas qto owners manage projects" for relation "public.lukas_qto_projects" does not exist, skipping',
  file: 'dropcmds.c',
  line: '523',
  routine: 'does_not_exist_skipping'
}
{
  severity_local: 'NOTICE',
  severity: 'NOTICE',
  code: '00000',
  message: 'policy "verified qto source uploads reject authenticated delete" for relation "storage.objects" does not exist, skipping',
  file: 'dropcmds.c',
  line: '523',
  routine: 'does_not_exist_skipping'
}
{
  severity_local: 'NOTICE',
  severity: 'NOTICE',
  code: '00000',
  message: 'policy "verified qto source uploads reject authenticated update" for relation "storage.objects" does not exist, skipping',
  file: 'dropcmds.c',
  line: '523',
  routine: 'does_not_exist_skipping'
}
{
  severity_local: 'NOTICE',
  severity: 'NOTICE',
  code: '00000',
  message: 'policy "verified source metadata requires service finalizer" for relation "public.lukas_qto_files" does not exist, skipping',
  file: 'dropcmds.c',
  line: '523',
  routine: 'does_not_exist_skipping'
}
{
  severity_local: 'NOTICE',
  severity: 'NOTICE',
  code: '00000',
  message: 'role "postgres" has already been granted membership in role "lukas_drawing_collaboration" by role "postgres"',
  where: 'SQL statement "grant lukas_drawing_collaboration to postgres with inherit false, set true"\n' +
    'PL/pgSQL function inline_code_block line 4 at EXECUTE',
  file: 'user.c',
  line: '1888',
  routine: 'AddRoleMems'
}
{
  severity_local: 'NOTICE',
  severity: 'NOTICE',
  code: '00000',
  message: 'constraint "lukas_qto_export_events_drawing_lineage_check" of relation "lukas_qto_export_events" does not exist, skipping',
  file: 'tablecmds.c',
  line: '12655',
  routine: 'ATExecDropConstraint'
}
{
  severity_local: 'NOTICE',
  severity: 'NOTICE',
  code: '00000',
  message: 'constraint "lukas_drawing_revisions_parent_not_self_check" of relation "lukas_drawing_revisions" does not exist, skipping',
  file: 'tablecmds.c',
  line: '12655',
  routine: 'ATExecDropConstraint'
}
{
  severity_local: 'NOTICE',
  severity: 'NOTICE',
  code: '00000',
  message: 'policy "drawing attached sources reject authenticated delete" for relation "storage.objects" does not exist, skipping',
  file: 'dropcmds.c',
  line: '523',
  routine: 'does_not_exist_skipping'
}
{
  severity_local: 'NOTICE',
  severity: 'NOTICE',
  code: '00000',
  message: 'policy "drawing attached sources reject authenticated update" for relation "storage.objects" does not exist, skipping',
  file: 'dropcmds.c',
  line: '523',
  routine: 'does_not_exist_skipping'
}
{
  severity_local: 'NOTICE',
  severity: 'NOTICE',
  code: '00000',
  message: 'trigger "lukas_drawing_operations_touch_revision" for relation "public.lukas_drawing_operations" does not exist, skipping',
  file: 'dropcmds.c',
  line: '523',
  routine: 'does_not_exist_skipping'
}
{
  severity_local: 'NOTICE',
  severity: 'NOTICE',
  code: '42622',
  message: 'identifier "lukas_drawing_apply_operation_pre_checkpoint_reference_authority" will be truncated to "lukas_drawing_apply_operation_pre_checkpoint_reference_authorit"',
  where: 'compilation of PL/pgSQL function "lukas_drawing_apply_operation_pre_p4_semantic_objects" near line 226',
  file: 'scansup.c',
  line: '99',
  routine: 'truncate_identifier'
}
{
  severity_local: 'NOTICE',
  severity: 'NOTICE',
  code: '42622',
  message: 'identifier "lukas_drawing_apply_operation_pre_checkpoint_reference_authority" will be truncated to "lukas_drawing_apply_operation_pre_checkpoint_reference_authorit"',
  position: '128245',
  file: 'scansup.c',
  line: '99',
  routine: 'truncate_identifier'
}
{
  severity_local: 'NOTICE',
  severity: 'NOTICE',
  code: '00000',
  message: 'policy "material manifest upload authority" for relation "storage.objects" does not exist, skipping',
  file: 'dropcmds.c',
  line: '523',
  routine: 'does_not_exist_skipping'
}
{
  severity_local: 'NOTICE',
  severity: 'NOTICE',
  code: '00000',
  message: 'policy "material manifest metadata insert authority" for relation "public.lukas_qto_files" does not exist, skipping',
  file: 'dropcmds.c',
  line: '523',
  routine: 'does_not_exist_skipping'
}
{
  severity_local: 'NOTICE',
  severity: 'NOTICE',
  code: '00000',
  message: 'policy "material evidence uploaders delete unreferenced files" for relation "public.lukas_qto_files" does not exist, skipping',
  file: 'dropcmds.c',
  line: '523',
  routine: 'does_not_exist_skipping'
}
{
  severity_local: 'NOTICE',
  severity: 'NOTICE',
  code: '00000',
  message: 'policy "material evidence metadata delete authority" for relation "public.lukas_qto_files" does not exist, skipping',
  file: 'dropcmds.c',
  line: '523',
  routine: 'does_not_exist_skipping'
}
{
  severity_local: 'NOTICE',
  severity: 'NOTICE',
  code: '00000',
  message: 'policy "material authority rejects authenticated delete" for relation "storage.objects" does not exist, skipping',
  file: 'dropcmds.c',
  line: '523',
  routine: 'does_not_exist_skipping'
}
{
  severity_local: 'NOTICE',
  severity: 'NOTICE',
  code: '00000',
  message: 'policy "material authority rejects authenticated update" for relation "storage.objects" does not exist, skipping',
  file: 'dropcmds.c',
  line: '523',
  routine: 'does_not_exist_skipping'
}
{
  severity_local: 'NOTICE',
  severity: 'NOTICE',
  code: '00000',
  message: 'trigger "lukas_qto_material_transactions_write_quota" for relation "public.lukas_qto_material_transactions" does not exist, skipping',
  file: 'dropcmds.c',
  line: '523',
  routine: 'does_not_exist_skipping'
}
{
  severity_local: 'NOTICE',
  severity: 'NOTICE',
  code: '00000',
  message: 'policy "source uploads require project editor authority" for relation "storage.objects" does not exist, skipping',
  file: 'dropcmds.c',
  line: '523',
  routine: 'does_not_exist_skipping'
}
{
  severity_local: 'NOTICE',
  severity: 'NOTICE',
  code: '42622',
  message: 'identifier "lukas_drawing_apply_operation_pre_checkpoint_reference_authority" will be truncated to "lukas_drawing_apply_operation_pre_checkpoint_reference_authorit"',
  where: 'compilation of PL/pgSQL function "lukas_drawing_apply_operation_pre_p4_semantic_objects" near line 226\n' +
    'SQL statement "CREATE OR REPLACE FUNCTION private.lukas_drawing_apply_operation_pre_p4_semantic_objects(p_revision_id uuid, p_client_operation_id uuid, p_operation_type text, p_base_versions jsonb, p_forward jsonb, p_inverse jsonb, p_history_action text, p_original_operation_id uuid)\n' +
    ' RETURNS jsonb\n' +
    ' LANGUAGE plpgsql\n' +
    ' SECURITY DEFINER\n' +
    " SET search_path TO ''\n" +
    'AS $function$\n' +
    'declare\n' +
    '  v_actor uuid:=(select auth.uid());\n' +
    '  v_revision public.lukas_drawing_revisions%rowtype;\n' +
    '  v_snapshot public.lukas_drawing_snapshots%rowtype;\n' +
    '  v_existing public.lukas_drawing_operations%rowtype;\n' +
    '  v_issue jsonb; v_action jsonb; v_identity jsonb; v_result jsonb;\n' +
    '  v_sources jsonb; v_inverse_sources jsonb; v_core jsonb; v_inverse_core jsonb;\n' +
    '  v_plan jsonb; v_core_bases jsonb; v_results jsonb; v_live_sources jsonb;\n' +
    '  v_snapshot_sources jsonb; v_target_sources jsonb; v_live_issues jsonb;\n' +
    '  v_source_ids text[];\n' +
    '  v_operation_id uuid; v_sequence bigint;\n' +
    'begin\n' +
    "  if p_operation_type<>'restore_checkpoint' then\n" +
    '    return private.lukas_drawing_apply_operation_pre_p5_checkpoint_sources(\n' +
    '      p_revision_id,p_client_operation_id,p_operation_type,p_base_versions,\n' +
    '      p_forward,p_inverse,p_history_action,p_original_operation_id\n' +
    '    );\n' +
    '  end if;\n' +
    '  select s.* into v_snapshot from public.lukas_drawing_snapshots s\n' +
    "  where s.id=(p_forward->>'checkpointId')::uuid\n" +
    '    and s.revision_id=p_revision_id for share;\n' +
    '  if not found or not (\n' +
    '    exists(\n' +
    '      select 1 from pg_catalog.jsonb_array_elements(\n' +
    "        v_snapshot.canonical_json->'sources'\n" +
    "      ) s where s ? 'revisionId'\n" +
    '    )\n' +
    '    or exists(\n' +
    "      select 1 from pg_catalog.jsonb_array_elements(p_forward->'actions') a\n" +
    "      where a->>'kind' in('put_source','delete_source')\n" +
    '    )\n' +
    '  ) then\n' +
    '    return private.lukas_drawing_apply_operation_pre_p5_checkpoint_sources(\n' +
    '      p_revision_id,p_client_operation_id,p_operation_type,p_base_versions,\n' +
    '      p_forward,p_inverse,p_history_action,p_original_operation_id\n' +
    '    );\n' +
    '  end if;\n' +
    '  select o.* into v_existing from public.lukas_drawing_operations o\n' +
    '  where o.revision_id=p_revision_id\n' +
    '    and o.client_operation_id=p_client_operation_id;\n' +
    '  if found then\n' +
    '    if v_existing.actor_id is distinct from v_actor\n' +
    '      or v_existing.operation_type is distinct from p_operation_type\n' +
    '      or v_existing.base_versions is distinct from p_base_versions\n' +
    '      or v_existing.forward is distinct from p_forward\n' +
    '      or v_existing.inverse is distinct from p_inverse\n' +
    '      or v_existing.history_action is distinct from p_history_action\n' +
    '      or v_existing.original_operation_id is distinct from p_original_operation_id\n' +
    "    then raise exception using errcode='P1C01',\n" +
    "      message='Drawing operation idempotency key does not match the stored request';\n" +
    '    end if;\n' +
    '    return pg_catalog.jsonb_build_object(\n' +
    "      'operationId',v_existing.id,'sequence',v_existing.sequence,\n" +
    "      'resultVersions',v_existing.result_versions\n" +
    '    );\n' +
    '  end if;\n' +
    '  select r.* into v_revision from public.lukas_drawing_revisions r\n' +
    "  where r.id=p_revision_id and r.status='draft'\n" +
    '    and private.lukas_drawing_workspace_capability(r.project_id)\n' +
    "      in('admin','editor')\n" +
    '  for update;\n' +
    '  if not found or v_snapshot.schema_version<>2\n' +
    '    or v_snapshot.sha256 is distinct from pg_catalog.encode(\n' +
    '      extensions.digest(pg_catalog.convert_to(\n' +
    "        v_snapshot.canonical_json::text,'UTF8'),'sha256'),'hex'\n" +
    '    )\n' +
    "  then raise exception using errcode='P1C01',\n" +
    "    message='Drawing checkpoint reference target is invalid'; end if;\n" +
    '  v_snapshot_sources:=private.lukas_drawing_p5_checkpoint_sources(\n' +
    "    v_snapshot.canonical_json->'sources',p_revision_id\n" +
    '  );\n' +
    '  if exists(\n' +
    '    select 1 from pg_catalog.jsonb_array_elements(v_snapshot_sources) s\n' +
    '    where private.lukas_drawing_structure_action_valid(\n' +
    '      pg_catalog.jsonb_build_object(\n' +
    "        'kind','put_source','entity',s,'baseVersion',null\n" +
    '      ),p_revision_id\n' +
    '    ) is not true\n' +
    '      or not exists(\n' +
    '        select 1 from pg_catalog.jsonb_array_elements(\n' +
    "          v_snapshot.canonical_json->'objects'\n" +
    "        ) o where o->>'id'=s->>'objectId'\n" +
    '      )\n' +
    '      or not exists(\n' +
    '        select 1 from public.lukas_qto_files f\n' +
    "        where f.id=(s->>'sourceFileId')::uuid\n" +
    '          and f.project_id=v_revision.project_id\n' +
    "          and f.sha256=s->>'sourceSha256' and f.immutable\n" +
    '          and (\n' +
    "            s->>'sourceKind'='pdf_region' and f.kind='pdf'\n" +
    "            or s->>'sourceKind'='ifc_element' and f.kind='ifc'\n" +
    "            or s->>'sourceKind'='dxf_entity' and f.kind='dxf' or s->>'sourceKind'='dwg_entity' and f.kind='dwg'\n" +
    '          )\n' +
    '      )\n' +
    '  ) or exists(\n' +
    '    select 1 from pg_catalog.jsonb_array_elements(v_snapshot_sources) s\n' +
    "    group by s->>'objectId',s->>'sourceFileId',s->>'sourceKind'\n" +
    '    having pg_catalog.count(*)>1\n' +
    '  ) or exists(\n' +
    '    select 1 from pg_catalog.jsonb_array_elements(\n' +
    "      v_snapshot.canonical_json->'issues'\n" +
    '    ) i\n' +
    "    where not (i ?& array['id','objectId'])\n" +
    "      or i-array['id','objectId']<>'{}'::jsonb\n" +
    '      or not exists(\n' +
    '        select 1 from pg_catalog.jsonb_array_elements(\n' +
    "          v_snapshot.canonical_json->'objects'\n" +
    "        ) o where o->>'id'=i->>'objectId'\n" +
    '      )\n' +
    '      or not exists(\n' +
    '        select 1 from public.lukas_drawing_issues x\n' +
    "        where x.id=(i->>'id')::uuid and x.project_id=v_revision.project_id\n" +
    '      )\n' +
    '  ) or exists(\n' +
    '    select 1 from pg_catalog.jsonb_array_elements(\n' +
    "      v_snapshot.canonical_json->'issues'\n" +
    "    ) i group by i->>'id',i->>'objectId' having pg_catalog.count(*)>1\n" +
    "  ) then raise exception using errcode='P1C01',\n" +
    "    message='Drawing checkpoint source graph is invalid'; end if;\n" +
    '\n' +
    '  select coalesce(\n' +
    "    pg_catalog.jsonb_agg(a.value order by a.ordinality),'[]'::jsonb\n" +
    '  ) into v_sources\n' +
    "  from pg_catalog.jsonb_array_elements(p_forward->'actions')\n" +
    '    with ordinality a(value,ordinality)\n' +
    "  where a.value->>'kind' in('put_source','delete_source');\n" +
    '  select coalesce(\n' +
    "    pg_catalog.jsonb_agg(a.value order by a.ordinality),'[]'::jsonb\n" +
    '  ) into v_inverse_sources\n' +
    "  from pg_catalog.jsonb_array_elements(p_inverse->'actions')\n" +
    '    with ordinality a(value,ordinality)\n' +
    "  where a.value->>'kind' in('put_source','delete_source');\n" +
    '  v_plan:=private.lukas_drawing_validate_source_actions(\n' +
    '    p_revision_id,v_revision.project_id,v_sources,v_inverse_sources\n' +
    '  );\n' +
    '  select pg_catalog.array_agg(key) into v_source_ids\n' +
    "  from pg_catalog.jsonb_object_keys(v_plan->'results') key;\n" +
    '  v_core_bases:=p_base_versions-coalesce(v_source_ids,array[]::text[]);\n' +
    "  if p_base_versions is distinct from v_core_bases||(v_plan->'bases') then\n" +
    "    raise exception using errcode='P1C01',\n" +
    "      message='Drawing checkpoint source base versions are incomplete';\n" +
    '  end if;\n' +
    "  select pg_catalog.jsonb_set(p_forward,'{actions}',coalesce(\n" +
    '    pg_catalog.jsonb_agg(a.value order by a.ordinality)\n' +
    "      filter(where a.value->>'kind' not in('put_source','delete_source')),\n" +
    "    '[]'::jsonb),false) into v_core\n" +
    "  from pg_catalog.jsonb_array_elements(p_forward->'actions')\n" +
    '    with ordinality a(value,ordinality);\n' +
    "  select pg_catalog.jsonb_set(p_inverse,'{actions}',coalesce(\n" +
    '    pg_catalog.jsonb_agg(a.value order by a.ordinality)\n' +
    "      filter(where a.value->>'kind' not in('put_source','delete_source')),\n" +
    "    '[]'::jsonb),false) into v_inverse_core\n" +
    "  from pg_catalog.jsonb_array_elements(p_inverse->'actions')\n" +
    '    with ordinality a(value,ordinality);\n' +
    '\n' +
    '  insert into private.lukas_drawing_checkpoint_reference_targets(\n' +
    '    transaction_id,actor_id,revision_id,snapshot_id,sources,issues\n' +
    '  ) values(\n' +
    '    pg_catalog.txid_current(),v_actor,p_revision_id,v_snapshot.id,\n' +
    "    v_snapshot_sources,v_snapshot.canonical_json->'issues'\n" +
    '  );\n' +
    '  insert into private.lukas_drawing_checkpoint_issue_delete_leases(\n' +
    '    transaction_id,actor_id,revision_id,link_id\n' +
    '  ) select pg_catalog.txid_current(),v_actor,p_revision_id,l.id\n' +
    '    from public.lukas_drawing_object_issue_links l\n' +
    '    where l.revision_id=p_revision_id and not exists(\n' +
    '      select 1 from pg_catalog.jsonb_array_elements(\n' +
    "        v_snapshot.canonical_json->'issues'\n" +
    "      ) i where i->>'id'=l.issue_id::text and i->>'objectId'=l.object_id::text\n" +
    '    );\n' +
    '  insert into private.lukas_drawing_checkpoint_reference_history(\n' +
    '    revision_id,project_id,snapshot_id,client_operation_id,actor_id,\n' +
    '    link_kind,action,link_identity\n' +
    '  ) select p_revision_id,v_revision.project_id,v_snapshot.id,\n' +
    "      p_client_operation_id,v_actor,'issue','delete',pg_catalog.to_jsonb(l)\n" +
    '    from public.lukas_drawing_object_issue_links l\n' +
    '    join private.lukas_drawing_checkpoint_issue_delete_leases x\n' +
    '      on x.transaction_id=pg_catalog.txid_current() and x.actor_id=v_actor\n' +
    '      and x.revision_id=p_revision_id and x.link_id=l.id;\n' +
    '  delete from public.lukas_drawing_object_issue_links l\n' +
    '  using private.lukas_drawing_checkpoint_issue_delete_leases x\n' +
    '  where x.transaction_id=pg_catalog.txid_current() and x.actor_id=v_actor\n' +
    '    and x.revision_id=p_revision_id and x.link_id=l.id;\n' +
    '\n' +
    '  for v_action in\n' +
    "    select value from pg_catalog.jsonb_array_elements(p_forward->'actions')\n" +
    '  loop\n' +
    "    if v_action->>'kind' in('put_source','delete_source') then\n" +
    "      v_identity:=case when v_action->>'kind'='put_source'\n" +
    "        then v_action->'entity'\n" +
    '        else private.lukas_drawing_source_json(\n' +
    "          (v_action->>'id')::uuid,p_revision_id,v_revision.project_id,true\n" +
    '        ) end;\n' +
    '      insert into private.lukas_drawing_checkpoint_reference_history(\n' +
    '        revision_id,project_id,snapshot_id,client_operation_id,actor_id,\n' +
    '        link_kind,action,link_identity\n' +
    '      ) values(\n' +
    '        p_revision_id,v_revision.project_id,v_snapshot.id,\n' +
    "        p_client_operation_id,v_actor,'source',\n" +
    "        case when v_action->>'kind'='put_source' then 'restore'\n" +
    "          else 'delete' end,\n" +
    '        v_identity\n' +
    '      );\n' +
    '    end if;\n' +
    '  end loop;\n' +
    '\n' +
    "  if pg_catalog.jsonb_array_length(v_core->'actions')=0 then\n" +
    '    select coalesce(pg_catalog.max(o.sequence),0)+1 into v_sequence\n' +
    '    from public.lukas_drawing_operations o where o.revision_id=p_revision_id;\n' +
    '    v_operation_id:=ext'... 3964 more characters,
  file: 'scansup.c',
  line: '99',
  routine: 'truncate_identifier'
}
{
  severity_local: 'NOTICE',
  severity: 'NOTICE',
  code: '42622',
  message: 'identifier "lukas_drawing_apply_operation_pre_checkpoint_reference_authority" will be truncated to "lukas_drawing_apply_operation_pre_checkpoint_reference_authorit"',
  where: 'SQL statement "CREATE OR REPLACE FUNCTION private.lukas_drawing_apply_operation_pre_p4_semantic_objects(p_revision_id uuid, p_client_operation_id uuid, p_operation_type text, p_base_versions jsonb, p_forward jsonb, p_inverse jsonb, p_history_action text, p_original_operation_id uuid)\n' +
    ' RETURNS jsonb\n' +
    ' LANGUAGE plpgsql\n' +
    ' SECURITY DEFINER\n' +
    " SET search_path TO ''\n" +
    'AS $function$\n' +
    'declare\n' +
    '  v_actor uuid:=(select auth.uid());\n' +
    '  v_revision public.lukas_drawing_revisions%rowtype;\n' +
    '  v_snapshot public.lukas_drawing_snapshots%rowtype;\n' +
    '  v_existing public.lukas_drawing_operations%rowtype;\n' +
    '  v_issue jsonb; v_action jsonb; v_identity jsonb; v_result jsonb;\n' +
    '  v_sources jsonb; v_inverse_sources jsonb; v_core jsonb; v_inverse_core jsonb;\n' +
    '  v_plan jsonb; v_core_bases jsonb; v_results jsonb; v_live_sources jsonb;\n' +
    '  v_snapshot_sources jsonb; v_target_sources jsonb; v_live_issues jsonb;\n' +
    '  v_source_ids text[];\n' +
    '  v_operation_id uuid; v_sequence bigint;\n' +
    'begin\n' +
    "  if p_operation_type<>'restore_checkpoint' then\n" +
    '    return private.lukas_drawing_apply_operation_pre_p5_checkpoint_sources(\n' +
    '      p_revision_id,p_client_operation_id,p_operation_type,p_base_versions,\n' +
    '      p_forward,p_inverse,p_history_action,p_original_operation_id\n' +
    '    );\n' +
    '  end if;\n' +
    '  select s.* into v_snapshot from public.lukas_drawing_snapshots s\n' +
    "  where s.id=(p_forward->>'checkpointId')::uuid\n" +
    '    and s.revision_id=p_revision_id for share;\n' +
    '  if not found or not (\n' +
    '    exists(\n' +
    '      select 1 from pg_catalog.jsonb_array_elements(\n' +
    "        v_snapshot.canonical_json->'sources'\n" +
    "      ) s where s ? 'revisionId'\n" +
    '    )\n' +
    '    or exists(\n' +
    "      select 1 from pg_catalog.jsonb_array_elements(p_forward->'actions') a\n" +
    "      where a->>'kind' in('put_source','delete_source')\n" +
    '    )\n' +
    '  ) then\n' +
    '    return private.lukas_drawing_apply_operation_pre_p5_checkpoint_sources(\n' +
    '      p_revision_id,p_client_operation_id,p_operation_type,p_base_versions,\n' +
    '      p_forward,p_inverse,p_history_action,p_original_operation_id\n' +
    '    );\n' +
    '  end if;\n' +
    '  select o.* into v_existing from public.lukas_drawing_operations o\n' +
    '  where o.revision_id=p_revision_id\n' +
    '    and o.client_operation_id=p_client_operation_id;\n' +
    '  if found then\n' +
    '    if v_existing.actor_id is distinct from v_actor\n' +
    '      or v_existing.operation_type is distinct from p_operation_type\n' +
    '      or v_existing.base_versions is distinct from p_base_versions\n' +
    '      or v_existing.forward is distinct from p_forward\n' +
    '      or v_existing.inverse is distinct from p_inverse\n' +
    '      or v_existing.history_action is distinct from p_history_action\n' +
    '      or v_existing.original_operation_id is distinct from p_original_operation_id\n' +
    "    then raise exception using errcode='P1C01',\n" +
    "      message='Drawing operation idempotency key does not match the stored request';\n" +
    '    end if;\n' +
    '    return pg_catalog.jsonb_build_object(\n' +
    "      'operationId',v_existing.id,'sequence',v_existing.sequence,\n" +
    "      'resultVersions',v_existing.result_versions\n" +
    '    );\n' +
    '  end if;\n' +
    '  select r.* into v_revision from public.lukas_drawing_revisions r\n' +
    "  where r.id=p_revision_id and r.status='draft'\n" +
    '    and private.lukas_drawing_workspace_capability(r.project_id)\n' +
    "      in('admin','editor')\n" +
    '  for update;\n' +
    '  if not found or v_snapshot.schema_version<>2\n' +
    '    or v_snapshot.sha256 is distinct from pg_catalog.encode(\n' +
    '      extensions.digest(pg_catalog.convert_to(\n' +
    "        v_snapshot.canonical_json::text,'UTF8'),'sha256'),'hex'\n" +
    '    )\n' +
    "  then raise exception using errcode='P1C01',\n" +
    "    message='Drawing checkpoint reference target is invalid'; end if;\n" +
    '  v_snapshot_sources:=private.lukas_drawing_p5_checkpoint_sources(\n' +
    "    v_snapshot.canonical_json->'sources',p_revision_id\n" +
    '  );\n' +
    '  if exists(\n' +
    '    select 1 from pg_catalog.jsonb_array_elements(v_snapshot_sources) s\n' +
    '    where private.lukas_drawing_structure_action_valid(\n' +
    '      pg_catalog.jsonb_build_object(\n' +
    "        'kind','put_source','entity',s,'baseVersion',null\n" +
    '      ),p_revision_id\n' +
    '    ) is not true\n' +
    '      or not exists(\n' +
    '        select 1 from pg_catalog.jsonb_array_elements(\n' +
    "          v_snapshot.canonical_json->'objects'\n" +
    "        ) o where o->>'id'=s->>'objectId'\n" +
    '      )\n' +
    '      or not exists(\n' +
    '        select 1 from public.lukas_qto_files f\n' +
    "        where f.id=(s->>'sourceFileId')::uuid\n" +
    '          and f.project_id=v_revision.project_id\n' +
    "          and f.sha256=s->>'sourceSha256' and f.immutable\n" +
    '          and (\n' +
    "            s->>'sourceKind'='pdf_region' and f.kind='pdf'\n" +
    "            or s->>'sourceKind'='ifc_element' and f.kind='ifc'\n" +
    "            or s->>'sourceKind'='dxf_entity' and f.kind='dxf' or s->>'sourceKind'='dwg_entity' and f.kind='dwg'\n" +
    '          )\n' +
    '      )\n' +
    '  ) or exists(\n' +
    '    select 1 from pg_catalog.jsonb_array_elements(v_snapshot_sources) s\n' +
    "    group by s->>'objectId',s->>'sourceFileId',s->>'sourceKind'\n" +
    '    having pg_catalog.count(*)>1\n' +
    '  ) or exists(\n' +
    '    select 1 from pg_catalog.jsonb_array_elements(\n' +
    "      v_snapshot.canonical_json->'issues'\n" +
    '    ) i\n' +
    "    where not (i ?& array['id','objectId'])\n" +
    "      or i-array['id','objectId']<>'{}'::jsonb\n" +
    '      or not exists(\n' +
    '        select 1 from pg_catalog.jsonb_array_elements(\n' +
    "          v_snapshot.canonical_json->'objects'\n" +
    "        ) o where o->>'id'=i->>'objectId'\n" +
    '      )\n' +
    '      or not exists(\n' +
    '        select 1 from public.lukas_drawing_issues x\n' +
    "        where x.id=(i->>'id')::uuid and x.project_id=v_revision.project_id\n" +
    '      )\n' +
    '  ) or exists(\n' +
    '    select 1 from pg_catalog.jsonb_array_elements(\n' +
    "      v_snapshot.canonical_json->'issues'\n" +
    "    ) i group by i->>'id',i->>'objectId' having pg_catalog.count(*)>1\n" +
    "  ) then raise exception using errcode='P1C01',\n" +
    "    message='Drawing checkpoint source graph is invalid'; end if;\n" +
    '\n' +
    '  select coalesce(\n' +
    "    pg_catalog.jsonb_agg(a.value order by a.ordinality),'[]'::jsonb\n" +
    '  ) into v_sources\n' +
    "  from pg_catalog.jsonb_array_elements(p_forward->'actions')\n" +
    '    with ordinality a(value,ordinality)\n' +
    "  where a.value->>'kind' in('put_source','delete_source');\n" +
    '  select coalesce(\n' +
    "    pg_catalog.jsonb_agg(a.value order by a.ordinality),'[]'::jsonb\n" +
    '  ) into v_inverse_sources\n' +
    "  from pg_catalog.jsonb_array_elements(p_inverse->'actions')\n" +
    '    with ordinality a(value,ordinality)\n' +
    "  where a.value->>'kind' in('put_source','delete_source');\n" +
    '  v_plan:=private.lukas_drawing_validate_source_actions(\n' +
    '    p_revision_id,v_revision.project_id,v_sources,v_inverse_sources\n' +
    '  );\n' +
    '  select pg_catalog.array_agg(key) into v_source_ids\n' +
    "  from pg_catalog.jsonb_object_keys(v_plan->'results') key;\n" +
    '  v_core_bases:=p_base_versions-coalesce(v_source_ids,array[]::text[]);\n' +
    "  if p_base_versions is distinct from v_core_bases||(v_plan->'bases') then\n" +
    "    raise exception using errcode='P1C01',\n" +
    "      message='Drawing checkpoint source base versions are incomplete';\n" +
    '  end if;\n' +
    "  select pg_catalog.jsonb_set(p_forward,'{actions}',coalesce(\n" +
    '    pg_catalog.jsonb_agg(a.value order by a.ordinality)\n' +
    "      filter(where a.value->>'kind' not in('put_source','delete_source')),\n" +
    "    '[]'::jsonb),false) into v_core\n" +
    "  from pg_catalog.jsonb_array_elements(p_forward->'actions')\n" +
    '    with ordinality a(value,ordinality);\n' +
    "  select pg_catalog.jsonb_set(p_inverse,'{actions}',coalesce(\n" +
    '    pg_catalog.jsonb_agg(a.value order by a.ordinality)\n' +
    "      filter(where a.value->>'kind' not in('put_source','delete_source')),\n" +
    "    '[]'::jsonb),false) into v_inverse_core\n" +
    "  from pg_catalog.jsonb_array_elements(p_inverse->'actions')\n" +
    '    with ordinality a(value,ordinality);\n' +
    '\n' +
    '  insert into private.lukas_drawing_checkpoint_reference_targets(\n' +
    '    transaction_id,actor_id,revision_id,snapshot_id,sources,issues\n' +
    '  ) values(\n' +
    '    pg_catalog.txid_current(),v_actor,p_revision_id,v_snapshot.id,\n' +
    "    v_snapshot_sources,v_snapshot.canonical_json->'issues'\n" +
    '  );\n' +
    '  insert into private.lukas_drawing_checkpoint_issue_delete_leases(\n' +
    '    transaction_id,actor_id,revision_id,link_id\n' +
    '  ) select pg_catalog.txid_current(),v_actor,p_revision_id,l.id\n' +
    '    from public.lukas_drawing_object_issue_links l\n' +
    '    where l.revision_id=p_revision_id and not exists(\n' +
    '      select 1 from pg_catalog.jsonb_array_elements(\n' +
    "        v_snapshot.canonical_json->'issues'\n" +
    "      ) i where i->>'id'=l.issue_id::text and i->>'objectId'=l.object_id::text\n" +
    '    );\n' +
    '  insert into private.lukas_drawing_checkpoint_reference_history(\n' +
    '    revision_id,project_id,snapshot_id,client_operation_id,actor_id,\n' +
    '    link_kind,action,link_identity\n' +
    '  ) select p_revision_id,v_revision.project_id,v_snapshot.id,\n' +
    "      p_client_operation_id,v_actor,'issue','delete',pg_catalog.to_jsonb(l)\n" +
    '    from public.lukas_drawing_object_issue_links l\n' +
    '    join private.lukas_drawing_checkpoint_issue_delete_leases x\n' +
    '      on x.transaction_id=pg_catalog.txid_current() and x.actor_id=v_actor\n' +
    '      and x.revision_id=p_revision_id and x.link_id=l.id;\n' +
    '  delete from public.lukas_drawing_object_issue_links l\n' +
    '  using private.lukas_drawing_checkpoint_issue_delete_leases x\n' +
    '  where x.transaction_id=pg_catalog.txid_current() and x.actor_id=v_actor\n' +
    '    and x.revision_id=p_revision_id and x.link_id=l.id;\n' +
    '\n' +
    '  for v_action in\n' +
    "    select value from pg_catalog.jsonb_array_elements(p_forward->'actions')\n" +
    '  loop\n' +
    "    if v_action->>'kind' in('put_source','delete_source') then\n" +
    "      v_identity:=case when v_action->>'kind'='put_source'\n" +
    "        then v_action->'entity'\n" +
    '        else private.lukas_drawing_source_json(\n' +
    "          (v_action->>'id')::uuid,p_revision_id,v_revision.project_id,true\n" +
    '        ) end;\n' +
    '      insert into private.lukas_drawing_checkpoint_reference_history(\n' +
    '        revision_id,project_id,snapshot_id,client_operation_id,actor_id,\n' +
    '        link_kind,action,link_identity\n' +
    '      ) values(\n' +
    '        p_revision_id,v_revision.project_id,v_snapshot.id,\n' +
    "        p_client_operation_id,v_actor,'source',\n" +
    "        case when v_action->>'kind'='put_source' then 'restore'\n" +
    "          else 'delete' end,\n" +
    '        v_identity\n' +
    '      );\n' +
    '    end if;\n' +
    '  end loop;\n' +
    '\n' +
    "  if pg_catalog.jsonb_array_length(v_core->'actions')=0 then\n" +
    '    select coalesce(pg_catalog.max(o.sequence),0)+1 into v_sequence\n' +
    '    from public.lukas_drawing_operations o where o.revision_id=p_revision_id;\n' +
    '    v_operation_id:=extensions.gen_random_uuid();\n' +
    "    v_results:=v_plan->'results';\n" +
    '    insert into public.lukas_drawing_opera'... 3861 more characters,
  internal_position: '10175',
  internal_query: '\n' +
    'declare\n' +
    '  v_actor uuid:=(select auth.uid());\n' +
    '  v_revision public.lukas_drawing_revisions%rowtype;\n' +
    '  v_snapshot public.lukas_drawing_snapshots%rowtype;\n' +
    '  v_existing public.lukas_drawing_operations%rowtype;\n' +
    '  v_issue jsonb; v_action jsonb; v_identity jsonb; v_result jsonb;\n' +
    '  v_sources jsonb; v_inverse_sources jsonb; v_core jsonb; v_inverse_core jsonb;\n' +
    '  v_plan jsonb; v_core_bases jsonb; v_results jsonb; v_live_sources jsonb;\n' +
    '  v_snapshot_sources jsonb; v_target_sources jsonb; v_live_issues jsonb;\n' +
    '  v_source_ids text[];\n' +
    '  v_operation_id uuid; v_sequence bigint;\n' +
    'begin\n' +
    "  if p_operation_type<>'restore_checkpoint' then\n" +
    '    return private.lukas_drawing_apply_operation_pre_p5_checkpoint_sources(\n' +
    '      p_revision_id,p_client_operation_id,p_operation_type,p_base_versions,\n' +
    '      p_forward,p_inverse,p_history_action,p_original_operation_id\n' +
    '    );\n' +
    '  end if;\n' +
    '  select s.* into v_snapshot from public.lukas_drawing_snapshots s\n' +
    "  where s.id=(p_forward->>'checkpointId')::uuid\n" +
    '    and s.revision_id=p_revision_id for share;\n' +
    '  if not found or not (\n' +
    '    exists(\n' +
    '      select 1 from pg_catalog.jsonb_array_elements(\n' +
    "        v_snapshot.canonical_json->'sources'\n" +
    "      ) s where s ? 'revisionId'\n" +
    '    )\n' +
    '    or exists(\n' +
    "      select 1 from pg_catalog.jsonb_array_elements(p_forward->'actions') a\n" +
    "      where a->>'kind' in('put_source','delete_source')\n" +
    '    )\n' +
    '  ) then\n' +
    '    return private.lukas_drawing_apply_operation_pre_p5_checkpoint_sources(\n' +
    '      p_revision_id,p_client_operation_id,p_operation_type,p_base_versions,\n' +
    '      p_forward,p_inverse,p_history_action,p_original_operation_id\n' +
    '    );\n' +
    '  end if;\n' +
    '  select o.* into v_existing from public.lukas_drawing_operations o\n' +
    '  where o.revision_id=p_revision_id\n' +
    '    and o.client_operation_id=p_client_operation_id;\n' +
    '  if found then\n' +
    '    if v_existing.actor_id is distinct from v_actor\n' +
    '      or v_existing.operation_type is distinct from p_operation_type\n' +
    '      or v_existing.base_versions is distinct from p_base_versions\n' +
    '      or v_existing.forward is distinct from p_forward\n' +
    '      or v_existing.inverse is distinct from p_inverse\n' +
    '      or v_existing.history_action is distinct from p_history_action\n' +
    '      or v_existing.original_operation_id is distinct from p_original_operation_id\n' +
    "    then raise exception using errcode='P1C01',\n" +
    "      message='Drawing operation idempotency key does not match the stored request';\n" +
    '    end if;\n' +
    '    return pg_catalog.jsonb_build_object(\n' +
    "      'operationId',v_existing.id,'sequence',v_existing.sequence,\n" +
    "      'resultVersions',v_existing.result_versions\n" +
    '    );\n' +
    '  end if;\n' +
    '  select r.* into v_revision from public.lukas_drawing_revisions r\n' +
    "  where r.id=p_revision_id and r.status='draft'\n" +
    '    and private.lukas_drawing_workspace_capability(r.project_id)\n' +
    "      in('admin','editor')\n" +
    '  for update;\n' +
    '  if not found or v_snapshot.schema_version<>2\n' +
    '    or v_snapshot.sha256 is distinct from pg_catalog.encode(\n' +
    '      extensions.digest(pg_catalog.convert_to(\n' +
    "        v_snapshot.canonical_json::text,'UTF8'),'sha256'),'hex'\n" +
    '    )\n' +
    "  then raise exception using errcode='P1C01',\n" +
    "    message='Drawing checkpoint reference target is invalid'; end if;\n" +
    '  v_snapshot_sources:=private.lukas_drawing_p5_checkpoint_sources(\n' +
    "    v_snapshot.canonical_json->'sources',p_revision_id\n" +
    '  );\n' +
    '  if exists(\n' +
    '    select 1 from pg_catalog.jsonb_array_elements(v_snapshot_sources) s\n' +
    '    where private.lukas_drawing_structure_action_valid(\n' +
    '      pg_catalog.jsonb_build_object(\n' +
    "        'kind','put_source','entity',s,'baseVersion',null\n" +
    '      ),p_revision_id\n' +
    '    ) is not true\n' +
    '      or not exists(\n' +
    '        select 1 from pg_catalog.jsonb_array_elements(\n' +
    "          v_snapshot.canonical_json->'objects'\n" +
    "        ) o where o->>'id'=s->>'objectId'\n" +
    '      )\n' +
    '      or not exists(\n' +
    '        select 1 from public.lukas_qto_files f\n' +
    "        where f.id=(s->>'sourceFileId')::uuid\n" +
    '          and f.project_id=v_revision.project_id\n' +
    "          and f.sha256=s->>'sourceSha256' and f.immutable\n" +
    '          and (\n' +
    "            s->>'sourceKind'='pdf_region' and f.kind='pdf'\n" +
    "            or s->>'sourceKind'='ifc_element' and f.kind='ifc'\n" +
    "            or s->>'sourceKind'='dxf_entity' and f.kind='dxf' or s->>'sourceKind'='dwg_entity' and f.kind='dwg'\n" +
    '          )\n' +
    '      )\n' +
    '  ) or exists(\n' +
    '    select 1 from pg_catalog.jsonb_array_elements(v_snapshot_sources) s\n' +
    "    group by s->>'objectId',s->>'sourceFileId',s->>'sourceKind'\n" +
    '    having pg_catalog.count(*)>1\n' +
    '  ) or exists(\n' +
    '    select 1 from pg_catalog.jsonb_array_elements(\n' +
    "      v_snapshot.canonical_json->'issues'\n" +
    '    ) i\n' +
    "    where not (i ?& array['id','objectId'])\n" +
    "      or i-array['id','objectId']<>'{}'::jsonb\n" +
    '      or not exists(\n' +
    '        select 1 from pg_catalog.jsonb_array_elements(\n' +
    "          v_snapshot.canonical_json->'objects'\n" +
    "        ) o where o->>'id'=i->>'objectId'\n" +
    '      )\n' +
    '      or not exists(\n' +
    '        select 1 from public.lukas_drawing_issues x\n' +
    "        where x.id=(i->>'id')::uuid and x.project_id=v_revision.project_id\n" +
    '      )\n' +
    '  ) or exists(\n' +
    '    select 1 from pg_catalog.jsonb_array_elements(\n' +
    "      v_snapshot.canonical_json->'issues'\n" +
    "    ) i group by i->>'id',i->>'objectId' having pg_catalog.count(*)>1\n" +
    "  ) then raise exception using errcode='P1C01',\n" +
    "    message='Drawing checkpoint source graph is invalid'; end if;\n" +
    '\n' +
    '  select coalesce(\n' +
    "    pg_catalog.jsonb_agg(a.value order by a.ordinality),'[]'::jsonb\n" +
    '  ) into v_sources\n' +
    "  from pg_catalog.jsonb_array_elements(p_forward->'actions')\n" +
    '    with ordinality a(value,ordinality)\n' +
    "  where a.value->>'kind' in('put_source','delete_source');\n" +
    '  select coalesce(\n' +
    "    pg_catalog.jsonb_agg(a.value order by a.ordinality),'[]'::jsonb\n" +
    '  ) into v_inverse_sources\n' +
    "  from pg_catalog.jsonb_array_elements(p_inverse->'actions')\n" +
    '    with ordinality a(value,ordinality)\n' +
    "  where a.value->>'kind' in('put_source','delete_source');\n" +
    '  v_plan:=private.lukas_drawing_validate_source_actions(\n' +
    '    p_revision_id,v_revision.project_id,v_sources,v_inverse_sources\n' +
    '  );\n' +
    '  select pg_catalog.array_agg(key) into v_source_ids\n' +
    "  from pg_catalog.jsonb_object_keys(v_plan->'results') key;\n" +
    '  v_core_bases:=p_base_versions-coalesce(v_source_ids,array[]::text[]);\n' +
    "  if p_base_versions is distinct from v_core_bases||(v_plan->'bases') then\n" +
    "    raise exception using errcode='P1C01',\n" +
    "      message='Drawing checkpoint source base versions are incomplete';\n" +
    '  end if;\n' +
    "  select pg_catalog.jsonb_set(p_forward,'{actions}',coalesce(\n" +
    '    pg_catalog.jsonb_agg(a.value order by a.ordinality)\n' +
    "      filter(where a.value->>'kind' not in('put_source','delete_source')),\n" +
    "    '[]'::jsonb),false) into v_core\n" +
    "  from pg_catalog.jsonb_array_elements(p_forward->'actions')\n" +
    '    with ordinality a(value,ordinality);\n' +
    "  select pg_catalog.jsonb_set(p_inverse,'{actions}',coalesce(\n" +
    '    pg_catalog.jsonb_agg(a.value order by a.ordinality)\n' +
    "      filter(where a.value->>'kind' not in('put_source','delete_source')),\n" +
    "    '[]'::jsonb),false) into v_inverse_core\n" +
    "  from pg_catalog.jsonb_array_elements(p_inverse->'actions')\n" +
    '    with ordinality a(value,ordinality);\n' +
    '\n' +
    '  insert into private.lukas_drawing_checkpoint_reference_targets(\n' +
    '    transaction_id,actor_id,revision_id,snapshot_id,sources,issues\n' +
    '  ) values(\n' +
    '    pg_catalog.txid_current(),v_actor,p_revision_id,v_snapshot.id,\n' +
    "    v_snapshot_sources,v_snapshot.canonical_json->'issues'\n" +
    '  );\n' +
    '  insert into private.lukas_drawing_checkpoint_issue_delete_leases(\n' +
    '    transaction_id,actor_id,revision_id,link_id\n' +
    '  ) select pg_catalog.txid_current(),v_actor,p_revision_id,l.id\n' +
    '    from public.lukas_drawing_object_issue_links l\n' +
    '    where l.revision_id=p_revision_id and not exists(\n' +
    '      select 1 from pg_catalog.jsonb_array_elements(\n' +
    "        v_snapshot.canonical_json->'issues'\n" +
    "      ) i where i->>'id'=l.issue_id::text and i->>'objectId'=l.object_id::text\n" +
    '    );\n' +
    '  insert into private.lukas_drawing_checkpoint_reference_history(\n' +
    '    revision_id,project_id,snapshot_id,client_operation_id,actor_id,\n' +
    '    link_kind,action,link_identity\n' +
    '  ) select p_revision_id,v_revision.project_id,v_snapshot.id,\n' +
    "      p_client_operation_id,v_actor,'issue','delete',pg_catalog.to_jsonb(l)\n" +
    '    from public.lukas_drawing_object_issue_links l\n' +
    '    join private.lukas_drawing_checkpoint_issue_delete_leases x\n' +
    '      on x.transaction_id=pg_catalog.txid_current() and x.actor_id=v_actor\n' +
    '      and x.revision_id=p_revision_id and x.link_id=l.id;\n' +
    '  delete from public.lukas_drawing_object_issue_links l\n' +
    '  using private.lukas_drawing_checkpoint_issue_delete_leases x\n' +
    '  where x.transaction_id=pg_catalog.txid_current() and x.actor_id=v_actor\n' +
    '    and x.revision_id=p_revision_id and x.link_id=l.id;\n' +
    '\n' +
    '  for v_action in\n' +
    "    select value from pg_catalog.jsonb_array_elements(p_forward->'actions')\n" +
    '  loop\n' +
    "    if v_action->>'kind' in('put_source','delete_source') then\n" +
    "      v_identity:=case when v_action->>'kind'='put_source'\n" +
    "        then v_action->'entity'\n" +
    '        else private.lukas_drawing_source_json(\n' +
    "          (v_action->>'id')::uuid,p_revision_id,v_revision.project_id,true\n" +
    '        ) end;\n' +
    '      insert into private.lukas_drawing_checkpoint_reference_history(\n' +
    '        revision_id,project_id,snapshot_id,client_operation_id,actor_id,\n' +
    '        link_kind,action,link_identity\n' +
    '      ) values(\n' +
    '        p_revision_id,v_revision.project_id,v_snapshot.id,\n' +
    "        p_client_operation_id,v_actor,'source',\n" +
    "        case when v_action->>'kind'='put_source' then 'restore'\n" +
    "          else 'delete' end,\n" +
    '        v_identity\n' +
    '      );\n' +
    '    end if;\n' +
    '  end loop;\n' +
    '\n' +
    "  if pg_catalog.jsonb_array_length(v_core->'actions')=0 then\n" +
    '    select coalesce(pg_catalog.max(o.sequence),0)+1 into v_sequence\n' +
    '    from public.lukas_drawing_operations o where o.revision_id=p_revision_id;\n' +
    '    v_operation_id:=extensions.gen_random_uuid();\n' +
    "    v_results:=v_plan->'results';\n" +
    '    insert into public.lukas_drawing_operations(\n' +
    '      id,revision_id,project_id,sequence,client_operation_id,operation_type,\n' +
    '      base_versions,forward,inverse,result_versions,actor_id,\n' +
    '      history_action,original_operation_id\n' +
    '    ) values(\n' +
    '      v_operation_id,p_revision_id,v_revision.project_id,v_sequence,\n' +
    '      p_client_operation_id,p_operation_type,p_base_versions,p_forward,\n' +
    '      p_inverse,v_results,v_'... 3389 more characters,
  file: 'scansup.c',
  line: '99',
  routine: 'truncate_identifier'
}
{
  severity_local: 'NOTICE',
  severity: 'NOTICE',
  code: '42622',
  message: 'identifier "lukas_drawing_apply_operation_pre_checkpoint_reference_authority" will be truncated to "lukas_drawing_apply_operation_pre_checkpoint_reference_authorit"',
  where: 'compilation of PL/pgSQL function "lukas_drawing_apply_operation_pre_p4_semantic_objects" near line 226\n' +
    'PL/pgSQL function private.lukas_drawing_apply_operation_pre_p4_contract_fixes(uuid,uuid,text,jsonb,jsonb,jsonb,text,uuid) line 237 at assignment\n' +
    'PL/pgSQL function private.lukas_drawing_apply_operation_pre_p5_sources(uuid,uuid,text,jsonb,jsonb,jsonb,text,uuid) line 48 at RETURN\n' +
    'PL/pgSQL function private.lukas_drawing_apply_operation(uuid,uuid,text,jsonb,jsonb,jsonb,text,uuid) line 59 at assignment\n' +
    'PL/pgSQL function private.lukas_drawing_attach_source(uuid,uuid,uuid,uuid,uuid) line 222 at assignment\n' +
    'SQL function "lukas_drawing_attach_source" statement 1',
  file: 'scansup.c',
  line: '99',
  routine: 'truncate_identifier'
}
{
  severity_local: 'NOTICE',
  severity: 'NOTICE',
  code: '42622',
  message: 'identifier "lukas_drawing_apply_operation_pre_checkpoint_reference_authority" will be truncated to "lukas_drawing_apply_operation_pre_checkpoint_reference_authorit"',
  where: 'compilation of PL/pgSQL function "lukas_drawing_apply_operation_pre_p5_checkpoint_sources" near line 6\n' +
    'PL/pgSQL function private.lukas_drawing_apply_operation_pre_p4_semantic_objects(uuid,uuid,text,jsonb,jsonb,jsonb,text,uuid) line 15 at RETURN\n' +
    'PL/pgSQL function private.lukas_drawing_apply_operation_pre_p4_contract_fixes(uuid,uuid,text,jsonb,jsonb,jsonb,text,uuid) line 237 at assignment\n' +
    'PL/pgSQL function private.lukas_drawing_apply_operation_pre_p5_sources(uuid,uuid,text,jsonb,jsonb,jsonb,text,uuid) line 48 at RETURN\n' +
    'PL/pgSQL function private.lukas_drawing_apply_operation(uuid,uuid,text,jsonb,jsonb,jsonb,text,uuid) line 59 at assignment\n' +
    'PL/pgSQL function private.lukas_drawing_attach_source(uuid,uuid,uuid,uuid,uuid) line 222 at assignment\n' +
    'SQL function "lukas_drawing_attach_source" statement 1',
  file: 'scansup.c',
  line: '99',
  routine: 'truncate_identifier'
}
{
  severity_local: 'NOTICE',
  severity: 'NOTICE',
  code: '42622',
  message: 'identifier "lukas_drawing_apply_operation_pre_checkpoint_reference_authority" will be truncated to "lukas_drawing_apply_operation_pre_checkpoint_reference_authorit"',
  where: 'compilation of PL/pgSQL function "lukas_drawing_apply_operation_pre_p5_checkpoint_sources" near line 8\n' +
    'PL/pgSQL function private.lukas_drawing_apply_operation_pre_p4_semantic_objects(uuid,uuid,text,jsonb,jsonb,jsonb,text,uuid) line 15 at RETURN\n' +
    'PL/pgSQL function private.lukas_drawing_apply_operation_pre_p4_contract_fixes(uuid,uuid,text,jsonb,jsonb,jsonb,text,uuid) line 237 at assignment\n' +
    'PL/pgSQL function private.lukas_drawing_apply_operation_pre_p5_sources(uuid,uuid,text,jsonb,jsonb,jsonb,text,uuid) line 48 at RETURN\n' +
    'PL/pgSQL function private.lukas_drawing_apply_operation(uuid,uuid,text,jsonb,jsonb,jsonb,text,uuid) line 59 at assignment\n' +
    'PL/pgSQL function private.lukas_drawing_attach_source(uuid,uuid,uuid,uuid,uuid) line 222 at assignment\n' +
    'SQL function "lukas_drawing_attach_source" statement 1',
  file: 'scansup.c',
  line: '99',
  routine: 'truncate_identifier'
}
{
  severity_local: 'NOTICE',
  severity: 'NOTICE',
  code: '42622',
  message: 'identifier "lukas_drawing_apply_operation_pre_checkpoint_reference_authority" will be truncated to "lukas_drawing_apply_operation_pre_checkpoint_reference_authorit"',
  where: 'compilation of PL/pgSQL function "lukas_drawing_apply_operation_pre_p5_checkpoint_sources" near line 136\n' +
    'PL/pgSQL function private.lukas_drawing_apply_operation_pre_p4_semantic_objects(uuid,uuid,text,jsonb,jsonb,jsonb,text,uuid) line 15 at RETURN\n' +
    'PL/pgSQL function private.lukas_drawing_apply_operation_pre_p4_contract_fixes(uuid,uuid,text,jsonb,jsonb,jsonb,text,uuid) line 237 at assignment\n' +
    'PL/pgSQL function private.lukas_drawing_apply_operation_pre_p5_sources(uuid,uuid,text,jsonb,jsonb,jsonb,text,uuid) line 48 at RETURN\n' +
    'PL/pgSQL function private.lukas_drawing_apply_operation(uuid,uuid,text,jsonb,jsonb,jsonb,text,uuid) line 59 at assignment\n' +
    'PL/pgSQL function private.lukas_drawing_attach_source(uuid,uuid,uuid,uuid,uuid) line 222 at assignment\n' +
    'SQL function "lukas_drawing_attach_source" statement 1',
  file: 'scansup.c',
  line: '99',
  routine: 'truncate_identifier'
}
{
  severity_local: 'NOTICE',
  severity: 'NOTICE',
  code: '42622',
  message: 'identifier "lukas_drawing_apply_operation_pre_checkpoint_reference_authority" will be truncated to "lukas_drawing_apply_operation_pre_checkpoint_reference_authorit"',
  where: 'SQL expression "private.lukas_drawing_apply_operation_pre_checkpoint_reference_authority(\n' +
    '      p_revision_id,p_client_operation_id,p_operation_type,p_base_versions,\n' +
    '      p_forward,p_inverse,p_history_action,p_original_operation_id\n' +
    '    )"\n' +
    'PL/pgSQL function private.lukas_drawing_apply_operation_pre_p5_checkpoint_sources(uuid,uuid,text,jsonb,jsonb,jsonb,text,uuid) line 9 at RETURN\n' +
    'PL/pgSQL function private.lukas_drawing_apply_operation_pre_p4_semantic_objects(uuid,uuid,text,jsonb,jsonb,jsonb,text,uuid) line 15 at RETURN\n' +
    'PL/pgSQL function private.lukas_drawing_apply_operation_pre_p4_contract_fixes(uuid,uuid,text,jsonb,jsonb,jsonb,text,uuid) line 237 at assignment\n' +
    'PL/pgSQL function private.lukas_drawing_apply_operation_pre_p5_sources(uuid,uuid,text,jsonb,jsonb,jsonb,text,uuid) line 48 at RETURN\n' +
    'PL/pgSQL function private.lukas_drawing_apply_operation(uuid,uuid,text,jsonb,jsonb,jsonb,text,uuid) line 59 at assignment\n' +
    'PL/pgSQL function private.lukas_drawing_attach_source(uuid,uuid,uuid,uuid,uuid) line 222 at assignment\n' +
    'SQL function "lukas_drawing_attach_source" statement 1',
  file: 'scansup.c',
  line: '99',
  routine: 'truncate_identifier'
}
✔ M1 real PostgreSQL proves Editor operations, idempotency, starter provenance, and binding authority (4745.998333ms)
ℹ tests 1
ℹ suites 0
ℹ pass 1
ℹ fail 0
ℹ cancelled 0
ℹ skipped 0
ℹ todo 0
ℹ duration_ms 4915.841042
﹣ M2 PDF attach real PostgreSQL gate is configured (0.337167ms) # SKIP
{
  severity_local: 'NOTICE',
  severity: 'NOTICE',
  code: '00000',
  message: 'policy "hangil staff read projects" for relation "public.lukas_qto_projects" does not exist, skipping',
  file: 'dropcmds.c',
  line: '523',
  routine: 'does_not_exist_skipping'
}
{
  severity_local: 'NOTICE',
  severity: 'NOTICE',
  code: '00000',
  message: 'policy "hangil staff update projects" for relation "public.lukas_qto_projects" does not exist, skipping',
  file: 'dropcmds.c',
  line: '523',
  routine: 'does_not_exist_skipping'
}
{
  severity_local: 'NOTICE',
  severity: 'NOTICE',
  code: '00000',
  message: 'policy "hangil staff manage files" for relation "public.lukas_qto_files" does not exist, skipping',
  file: 'dropcmds.c',
  line: '523',
  routine: 'does_not_exist_skipping'
}
{
  severity_local: 'NOTICE',
  severity: 'NOTICE',
  code: '00000',
  message: 'policy "hangil staff manage reviews" for relation "public.lukas_qto_reviews" does not exist, skipping',
  file: 'dropcmds.c',
  line: '523',
  routine: 'does_not_exist_skipping'
}
{
  severity_local: 'NOTICE',
  severity: 'NOTICE',
  code: '00000',
  message: 'policy "hangil staff read source files" for relation "storage.objects" does not exist, skipping',
  file: 'dropcmds.c',
  line: '523',
  routine: 'does_not_exist_skipping'
}
{
  severity_local: 'NOTICE',
  severity: 'NOTICE',
  code: '00000',
  message: 'policy "hangil staff upload source files" for relation "storage.objects" does not exist, skipping',
  file: 'dropcmds.c',
  line: '523',
  routine: 'does_not_exist_skipping'
}
{
  severity_local: 'NOTICE',
  severity: 'NOTICE',
  code: '00000',
  message: 'policy "hangil staff delete source files" for relation "storage.objects" does not exist, skipping',
  file: 'dropcmds.c',
  line: '523',
  routine: 'does_not_exist_skipping'
}
{
  severity_local: 'NOTICE',
  severity: 'NOTICE',
  code: '42P06',
  message: 'schema "private" already exists, skipping',
  file: 'schemacmds.c',
  line: '132',
  routine: 'CreateSchemaCommand'
}
{
  severity_local: 'NOTICE',
  severity: 'NOTICE',
  code: '00000',
  message: 'policy "project members read file revision graph" for relation "public.lukas_qto_file_revisions" does not exist, skipping',
  file: 'dropcmds.c',
  line: '523',
  routine: 'does_not_exist_skipping'
}
{
  severity_local: 'NOTICE',
  severity: 'NOTICE',
  code: '00000',
  message: 'trigger "lukas_drawing_notifications_from_event" for relation "public.lukas_drawing_issue_events" does not exist, skipping',
  file: 'dropcmds.c',
  line: '523',
  routine: 'does_not_exist_skipping'
}
{
  severity_local: 'NOTICE',
  severity: 'NOTICE',
  code: '42P06',
  message: 'schema "extensions" already exists, skipping',
  file: 'schemacmds.c',
  line: '132',
  routine: 'CreateSchemaCommand'
}
{
  severity_local: 'NOTICE',
  severity: 'NOTICE',
  code: '42710',
  message: 'extension "pgcrypto" already exists, skipping',
  file: 'extension.c',
  line: '1791',
  routine: 'CreateExtension'
}
{
  severity_local: 'NOTICE',
  severity: 'NOTICE',
  code: '42701',
  message: 'column "name" of relation "lukas_drawing_objects" already exists, skipping',
  file: 'tablecmds.c',
  line: '7471',
  routine: 'check_for_column_name_collision'
}
{
  severity_local: 'NOTICE',
  severity: 'NOTICE',
  code: '00000',
  message: 'constraint "lukas_drawing_objects_name_contract" of relation "lukas_drawing_objects" does not exist, skipping',
  file: 'tablecmds.c',
  line: '12655',
  routine: 'ATExecDropConstraint'
}
{
  severity_local: 'NOTICE',
  severity: 'NOTICE',
  code: '00000',
  message: 'constraint "lukas_drawing_layers_name_contract" of relation "lukas_drawing_layers" does not exist, skipping',
  file: 'tablecmds.c',
  line: '12655',
  routine: 'ATExecDropConstraint'
}
{
  severity_local: 'NOTICE',
  severity: 'NOTICE',
  code: '00000',
  message: 'constraint "lukas_drawing_layers_source_contract" of relation "lukas_drawing_layers" does not exist, skipping',
  file: 'tablecmds.c',
  line: '12655',
  routine: 'ATExecDropConstraint'
}
{
  severity_local: 'NOTICE',
  severity: 'NOTICE',
  code: '00000',
  message: 'policy "workspace editors delete draft drawing layers" for relation "public.lukas_drawing_layers" does not exist, skipping',
  file: 'dropcmds.c',
  line: '523',
  routine: 'does_not_exist_skipping'
}
{
  severity_local: 'NOTICE',
  severity: 'NOTICE',
  code: '00000',
  message: 'trigger "lukas_drawing_object_issue_links_append_only" for relation "public.lukas_drawing_object_issue_links" does not exist, skipping',
  file: 'dropcmds.c',
  line: '523',
  routine: 'does_not_exist_skipping'
}
{
  severity_local: 'NOTICE',
  severity: 'NOTICE',
  code: '00000',
  message: 'trigger "lukas_drawing_layers_canvas_fill" for relation "public.lukas_drawing_layers" does not exist, skipping',
  file: 'dropcmds.c',
  line: '523',
  routine: 'does_not_exist_skipping'
}
{
  severity_local: 'NOTICE',
  severity: 'NOTICE',
  code: '42622',
  message: 'identifier "lukas_drawing_structure_block_compound_valid_pre_p2_contract_hardening" will be truncated to "lukas_drawing_structure_block_compound_valid_pre_p2_contract_ha"',
  file: 'scansup.c',
  line: '99',
  routine: 'truncate_identifier'
}
{
  severity_local: 'NOTICE',
  severity: 'NOTICE',
  code: '42622',
  message: 'identifier "lukas_drawing_structure_block_compound_valid_pre_p2_contract_hardening" will be truncated to "lukas_drawing_structure_block_compound_valid_pre_p2_contract_ha"',
  file: 'scansup.c',
  line: '99',
  routine: 'truncate_identifier'
}
{
  severity_local: 'NOTICE',
  severity: 'NOTICE',
  code: '00000',
  message: 'policy "workspace editors delete draft drawing layers" for relation "public.lukas_drawing_layers" does not exist, skipping',
  file: 'dropcmds.c',
  line: '523',
  routine: 'does_not_exist_skipping'
}
{
  severity_local: 'NOTICE',
  severity: 'NOTICE',
  code: '42622',
  message: 'identifier "lukas_drawing_structure_block_compound_valid_pre_p2_contract_hardening" will be truncated to "lukas_drawing_structure_block_compound_valid_pre_p2_contract_ha"',
  where: 'compilation of PL/pgSQL function "lukas_drawing_structure_block_compound_valid" near line 6',
  file: 'scansup.c',
  line: '99',
  routine: 'truncate_identifier'
}
{
  severity_local: 'NOTICE',
  severity: 'NOTICE',
  code: '42622',
  message: 'identifier "lukas_drawing_structure_block_compound_valid_pre_p2_contract_hardening" will be truncated to "lukas_drawing_structure_block_compound_valid_pre_p2_contract_ha"',
  position: '4877',
  file: 'scansup.c',
  line: '99',
  routine: 'truncate_identifier'
}
{
  severity_local: 'NOTICE',
  severity: 'NOTICE',
  code: '00000',
  message: 'trigger "lukas_drawing_tables_domain_guard" for relation "public.lukas_drawing_tables" does not exist, skipping',
  file: 'dropcmds.c',
  line: '523',
  routine: 'does_not_exist_skipping'
}
{
  severity_local: 'NOTICE',
  severity: 'NOTICE',
  code: '00000',
  message: 'trigger "lukas_drawing_documents_clone_source_clear" for relation "public.lukas_drawing_documents" does not exist, skipping',
  file: 'dropcmds.c',
  line: '523',
  routine: 'does_not_exist_skipping'
}
{
  severity_local: 'NOTICE',
  severity: 'NOTICE',
  code: '00000',
  message: 'trigger "lukas_drawing_block_instance_lineage_guard" for relation "public.lukas_drawing_block_instances" does not exist, skipping',
  file: 'dropcmds.c',
  line: '523',
  routine: 'does_not_exist_skipping'
}
{
  severity_local: 'NOTICE',
  severity: 'NOTICE',
  code: '00000',
  message: 'trigger "aaa_lukas_drawing_snapshot_lineage_writer" for relation "public.lukas_drawing_snapshots" does not exist, skipping',
  file: 'dropcmds.c',
  line: '523',
  routine: 'does_not_exist_skipping'
}
{
  severity_local: 'NOTICE',
  severity: 'NOTICE',
  code: '00000',
  message: 'trigger "lukas_drawing_clone_binding_guard" for relation "public.lukas_drawing_documents" does not exist, skipping',
  file: 'dropcmds.c',
  line: '523',
  routine: 'does_not_exist_skipping'
}
{
  severity_local: 'NOTICE',
  severity: 'NOTICE',
  code: '00000',
  message: 'trigger "lukas_drawing_template_clone_ledger_append_guard" for relation "private.lukas_drawing_template_clone_requests" does not exist, skipping',
  file: 'dropcmds.c',
  line: '523',
  routine: 'does_not_exist_skipping'
}
{
  severity_local: 'NOTICE',
  severity: 'NOTICE',
  code: '42622',
  message: 'identifier "lukas_drawing_apply_operation_pre_checkpoint_reference_authority" will be truncated to "lukas_drawing_apply_operation_pre_checkpoint_reference_authorit"',
  file: 'scansup.c',
  line: '99',
  routine: 'truncate_identifier'
}
{
  severity_local: 'NOTICE',
  severity: 'NOTICE',
  code: '42622',
  message: 'identifier "lukas_drawing_apply_operation_pre_checkpoint_reference_authority" will be truncated to "lukas_drawing_apply_operation_pre_checkpoint_reference_authorit"',
  file: 'scansup.c',
  line: '99',
  routine: 'truncate_identifier'
}
{
  severity_local: 'NOTICE',
  severity: 'NOTICE',
  code: '42622',
  message: 'identifier "lukas_drawing_apply_operation_pre_checkpoint_reference_authority" will be truncated to "lukas_drawing_apply_operation_pre_checkpoint_reference_authorit"',
  where: 'compilation of PL/pgSQL function "lukas_drawing_apply_operation" near line 6',
  file: 'scansup.c',
  line: '99',
  routine: 'truncate_identifier'
}
{
  severity_local: 'NOTICE',
  severity: 'NOTICE',
  code: '42622',
  message: 'identifier "lukas_drawing_apply_operation_pre_checkpoint_reference_authority" will be truncated to "lukas_drawing_apply_operation_pre_checkpoint_reference_authorit"',
  position: '3714',
  file: 'scansup.c',
  line: '99',
  routine: 'truncate_identifier'
}
{
  severity_local: 'NOTICE',
  severity: 'NOTICE',
  code: '42622',
  message: 'identifier "lukas_drawing_apply_operation_pre_checkpoint_reference_authority" will be truncated to "lukas_drawing_apply_operation_pre_checkpoint_reference_authorit"',
  where: 'compilation of PL/pgSQL function "lukas_drawing_apply_operation" near line 8',
  file: 'scansup.c',
  line: '99',
  routine: 'truncate_identifier'
}
{
  severity_local: 'NOTICE',
  severity: 'NOTICE',
  code: '42622',
  message: 'identifier "lukas_drawing_apply_operation_pre_checkpoint_reference_authority" will be truncated to "lukas_drawing_apply_operation_pre_checkpoint_reference_authorit"',
  position: '4118',
  file: 'scansup.c',
  line: '99',
  routine: 'truncate_identifier'
}
{
  severity_local: 'NOTICE',
  severity: 'NOTICE',
  code: '42622',
  message: 'identifier "lukas_drawing_apply_operation_pre_checkpoint_reference_authority" will be truncated to "lukas_drawing_apply_operation_pre_checkpoint_reference_authorit"',
  where: 'compilation of PL/pgSQL function "lukas_drawing_apply_operation" near line 136',
  file: 'scansup.c',
  line: '99',
  routine: 'truncate_identifier'
}
{
  severity_local: 'NOTICE',
  severity: 'NOTICE',
  code: '42622',
  message: 'identifier "lukas_drawing_apply_operation_pre_checkpoint_reference_authority" will be truncated to "lukas_drawing_apply_operation_pre_checkpoint_reference_authorit"',
  position: '9893',
  file: 'scansup.c',
  line: '99',
  routine: 'truncate_identifier'
}
{
  severity_local: 'NOTICE',
  severity: 'NOTICE',
  code: '00000',
  message: 'constraint "lukas_drawing_pages_name_contract" of relation "lukas_drawing_pages" does not exist, skipping',
  file: 'tablecmds.c',
  line: '12655',
  routine: 'ATExecDropConstraint'
}
{
  severity_local: 'NOTICE',
  severity: 'NOTICE',
  code: '00000',
  message: 'constraint "lukas_drawing_canvases_name_contract" of relation "lukas_drawing_canvases" does not exist, skipping',
  file: 'tablecmds.c',
  line: '12655',
  routine: 'ATExecDropConstraint'
}
{
  severity_local: 'NOTICE',
  severity: 'NOTICE',
  code: '00000',
  message: 'constraint "lukas_drawing_styles_name_contract" of relation "lukas_drawing_styles" does not exist, skipping',
  file: 'tablecmds.c',
  line: '12655',
  routine: 'ATExecDropConstraint'
}
{
  severity_local: 'NOTICE',
  severity: 'NOTICE',
  code: '00000',
  message: 'constraint "lukas_drawing_blocks_name_contract" of relation "lukas_drawing_blocks" does not exist, skipping',
  file: 'tablecmds.c',
  line: '12655',
  routine: 'ATExecDropConstraint'
}
{
  severity_local: 'NOTICE',
  severity: 'NOTICE',
  code: '00000',
  message: 'constraint "lukas_drawing_blocks_primitive_names_contract" of relation "lukas_drawing_blocks" does not exist, skipping',
  file: 'tablecmds.c',
  line: '12655',
  routine: 'ATExecDropConstraint'
}
{
  severity_local: 'NOTICE',
  severity: 'NOTICE',
  code: '00000',
  message: 'constraint "lukas_drawing_block_instances_name_contract" of relation "lukas_drawing_block_instances" does not exist, skipping',
  file: 'tablecmds.c',
  line: '12655',
  routine: 'ATExecDropConstraint'
}
{
  severity_local: 'NOTICE',
  severity: 'NOTICE',
  code: '00000',
  message: 'constraint "lukas_drawing_property_schemas_name_contract" of relation "lukas_drawing_property_schemas" does not exist, skipping',
  file: 'tablecmds.c',
  line: '12655',
  routine: 'ATExecDropConstraint'
}
{
  severity_local: 'NOTICE',
  severity: 'NOTICE',
  code: '00000',
  message: 'constraint "lukas_drawing_property_schemas_enum_option_names_contract" of relation "lukas_drawing_property_schemas" does not exist, skipping',
  file: 'tablecmds.c',
  line: '12655',
  routine: 'ATExecDropConstraint'
}
{
  severity_local: 'NOTICE',
  severity: 'NOTICE',
  code: '00000',
  message: 'constraint "lukas_drawing_tables_name_contract" of relation "lukas_drawing_tables" does not exist, skipping',
  file: 'tablecmds.c',
  line: '12655',
  routine: 'ATExecDropConstraint'
}
{
  severity_local: 'NOTICE',
  severity: 'NOTICE',
  code: '00000',
  message: 'constraint "lukas_drawing_tables_column_names_contract" of relation "lukas_drawing_tables" does not exist, skipping',
  file: 'tablecmds.c',
  line: '12655',
  routine: 'ATExecDropConstraint'
}
{
  severity_local: 'NOTICE',
  severity: 'NOTICE',
  code: '42622',
  message: 'identifier "lukas_drawing_apply_operation_pre_checkpoint_reference_authority" will be truncated to "lukas_drawing_apply_operation_pre_checkpoint_reference_authorit"',
  where: 'compilation of PL/pgSQL function "lukas_drawing_apply_operation_pre_p4_semantic_objects" near line 202',
  file: 'scansup.c',
  line: '99',
  routine: 'truncate_identifier'
}
{
  severity_local: 'NOTICE',
  severity: 'NOTICE',
  code: '42622',
  message: 'identifier "lukas_drawing_apply_operation_pre_checkpoint_reference_authority" will be truncated to "lukas_drawing_apply_operation_pre_checkpoint_reference_authorit"',
  position: '57847',
  file: 'scansup.c',
  line: '99',
  routine: 'truncate_identifier'
}
{
  severity_local: 'NOTICE',
  severity: 'NOTICE',
  code: '00000',
  message: 'policy "lukas qto owners manage projects" for relation "public.lukas_qto_projects" does not exist, skipping',
  file: 'dropcmds.c',
  line: '523',
  routine: 'does_not_exist_skipping'
}
{
  severity_local: 'NOTICE',
  severity: 'NOTICE',
  code: '00000',
  message: 'policy "verified qto source uploads reject authenticated delete" for relation "storage.objects" does not exist, skipping',
  file: 'dropcmds.c',
  line: '523',
  routine: 'does_not_exist_skipping'
}
{
  severity_local: 'NOTICE',
  severity: 'NOTICE',
  code: '00000',
  message: 'policy "verified qto source uploads reject authenticated update" for relation "storage.objects" does not exist, skipping',
  file: 'dropcmds.c',
  line: '523',
  routine: 'does_not_exist_skipping'
}
{
  severity_local: 'NOTICE',
  severity: 'NOTICE',
  code: '00000',
  message: 'policy "verified source metadata requires service finalizer" for relation "public.lukas_qto_files" does not exist, skipping',
  file: 'dropcmds.c',
  line: '523',
  routine: 'does_not_exist_skipping'
}
{
  severity_local: 'NOTICE',
  severity: 'NOTICE',
  code: '00000',
  message: 'role "postgres" has already been granted membership in role "lukas_drawing_collaboration" by role "postgres"',
  where: 'SQL statement "grant lukas_drawing_collaboration to postgres with inherit false, set true"\n' +
    'PL/pgSQL function inline_code_block line 4 at EXECUTE',
  file: 'user.c',
  line: '1888',
  routine: 'AddRoleMems'
}
{
  severity_local: 'NOTICE',
  severity: 'NOTICE',
  code: '00000',
  message: 'constraint "lukas_qto_export_events_drawing_lineage_check" of relation "lukas_qto_export_events" does not exist, skipping',
  file: 'tablecmds.c',
  line: '12655',
  routine: 'ATExecDropConstraint'
}
{
  severity_local: 'NOTICE',
  severity: 'NOTICE',
  code: '00000',
  message: 'constraint "lukas_drawing_revisions_parent_not_self_check" of relation "lukas_drawing_revisions" does not exist, skipping',
  file: 'tablecmds.c',
  line: '12655',
  routine: 'ATExecDropConstraint'
}
{
  severity_local: 'NOTICE',
  severity: 'NOTICE',
  code: '00000',
  message: 'policy "drawing attached sources reject authenticated delete" for relation "storage.objects" does not exist, skipping',
  file: 'dropcmds.c',
  line: '523',
  routine: 'does_not_exist_skipping'
}
{
  severity_local: 'NOTICE',
  severity: 'NOTICE',
  code: '00000',
  message: 'policy "drawing attached sources reject authenticated update" for relation "storage.objects" does not exist, skipping',
  file: 'dropcmds.c',
  line: '523',
  routine: 'does_not_exist_skipping'
}
{
  severity_local: 'NOTICE',
  severity: 'NOTICE',
  code: '00000',
  message: 'trigger "lukas_drawing_operations_touch_revision" for relation "public.lukas_drawing_operations" does not exist, skipping',
  file: 'dropcmds.c',
  line: '523',
  routine: 'does_not_exist_skipping'
}
{
  severity_local: 'NOTICE',
  severity: 'NOTICE',
  code: '42622',
  message: 'identifier "lukas_drawing_apply_operation_pre_checkpoint_reference_authority" will be truncated to "lukas_drawing_apply_operation_pre_checkpoint_reference_authorit"',
  where: 'compilation of PL/pgSQL function "lukas_drawing_apply_operation_pre_p4_semantic_objects" near line 226',
  file: 'scansup.c',
  line: '99',
  routine: 'truncate_identifier'
}
{
  severity_local: 'NOTICE',
  severity: 'NOTICE',
  code: '42622',
  message: 'identifier "lukas_drawing_apply_operation_pre_checkpoint_reference_authority" will be truncated to "lukas_drawing_apply_operation_pre_checkpoint_reference_authorit"',
  position: '128245',
  file: 'scansup.c',
  line: '99',
  routine: 'truncate_identifier'
}
{
  severity_local: 'NOTICE',
  severity: 'NOTICE',
  code: '00000',
  message: 'policy "material manifest upload authority" for relation "storage.objects" does not exist, skipping',
  file: 'dropcmds.c',
  line: '523',
  routine: 'does_not_exist_skipping'
}
{
  severity_local: 'NOTICE',
  severity: 'NOTICE',
  code: '00000',
  message: 'policy "material manifest metadata insert authority" for relation "public.lukas_qto_files" does not exist, skipping',
  file: 'dropcmds.c',
  line: '523',
  routine: 'does_not_exist_skipping'
}
{
  severity_local: 'NOTICE',
  severity: 'NOTICE',
  code: '00000',
  message: 'policy "material evidence uploaders delete unreferenced files" for relation "public.lukas_qto_files" does not exist, skipping',
  file: 'dropcmds.c',
  line: '523',
  routine: 'does_not_exist_skipping'
}
{
  severity_local: 'NOTICE',
  severity: 'NOTICE',
  code: '00000',
  message: 'policy "material evidence metadata delete authority" for relation "public.lukas_qto_files" does not exist, skipping',
  file: 'dropcmds.c',
  line: '523',
  routine: 'does_not_exist_skipping'
}
{
  severity_local: 'NOTICE',
  severity: 'NOTICE',
  code: '00000',
  message: 'policy "material authority rejects authenticated delete" for relation "storage.objects" does not exist, skipping',
  file: 'dropcmds.c',
  line: '523',
  routine: 'does_not_exist_skipping'
}
{
  severity_local: 'NOTICE',
  severity: 'NOTICE',
  code: '00000',
  message: 'policy "material authority rejects authenticated update" for relation "storage.objects" does not exist, skipping',
  file: 'dropcmds.c',
  line: '523',
  routine: 'does_not_exist_skipping'
}
{
  severity_local: 'NOTICE',
  severity: 'NOTICE',
  code: '00000',
  message: 'trigger "lukas_qto_material_transactions_write_quota" for relation "public.lukas_qto_material_transactions" does not exist, skipping',
  file: 'dropcmds.c',
  line: '523',
  routine: 'does_not_exist_skipping'
}
{
  severity_local: 'NOTICE',
  severity: 'NOTICE',
  code: '00000',
  message: 'policy "source uploads require project editor authority" for relation "storage.objects" does not exist, skipping',
  file: 'dropcmds.c',
  line: '523',
  routine: 'does_not_exist_skipping'
}
{
  severity_local: 'NOTICE',
  severity: 'NOTICE',
  code: '42622',
  message: 'identifier "lukas_drawing_apply_operation_pre_checkpoint_reference_authority" will be truncated to "lukas_drawing_apply_operation_pre_checkpoint_reference_authorit"',
  where: 'compilation of PL/pgSQL function "lukas_drawing_apply_operation_pre_p4_semantic_objects" near line 226\n' +
    'SQL statement "CREATE OR REPLACE FUNCTION private.lukas_drawing_apply_operation_pre_p4_semantic_objects(p_revision_id uuid, p_client_operation_id uuid, p_operation_type text, p_base_versions jsonb, p_forward jsonb, p_inverse jsonb, p_history_action text, p_original_operation_id uuid)\n' +
    ' RETURNS jsonb\n' +
    ' LANGUAGE plpgsql\n' +
    ' SECURITY DEFINER\n' +
    " SET search_path TO ''\n" +
    'AS $function$\n' +
    'declare\n' +
    '  v_actor uuid:=(select auth.uid());\n' +
    '  v_revision public.lukas_drawing_revisions%rowtype;\n' +
    '  v_snapshot public.lukas_drawing_snapshots%rowtype;\n' +
    '  v_existing public.lukas_drawing_operations%rowtype;\n' +
    '  v_issue jsonb; v_action jsonb; v_identity jsonb; v_result jsonb;\n' +
    '  v_sources jsonb; v_inverse_sources jsonb; v_core jsonb; v_inverse_core jsonb;\n' +
    '  v_plan jsonb; v_core_bases jsonb; v_results jsonb; v_live_sources jsonb;\n' +
    '  v_snapshot_sources jsonb; v_target_sources jsonb; v_live_issues jsonb;\n' +
    '  v_source_ids text[];\n' +
    '  v_operation_id uuid; v_sequence bigint;\n' +
    'begin\n' +
    "  if p_operation_type<>'restore_checkpoint' then\n" +
    '    return private.lukas_drawing_apply_operation_pre_p5_checkpoint_sources(\n' +
    '      p_revision_id,p_client_operation_id,p_operation_type,p_base_versions,\n' +
    '      p_forward,p_inverse,p_history_action,p_original_operation_id\n' +
    '    );\n' +
    '  end if;\n' +
    '  select s.* into v_snapshot from public.lukas_drawing_snapshots s\n' +
    "  where s.id=(p_forward->>'checkpointId')::uuid\n" +
    '    and s.revision_id=p_revision_id for share;\n' +
    '  if not found or not (\n' +
    '    exists(\n' +
    '      select 1 from pg_catalog.jsonb_array_elements(\n' +
    "        v_snapshot.canonical_json->'sources'\n" +
    "      ) s where s ? 'revisionId'\n" +
    '    )\n' +
    '    or exists(\n' +
    "      select 1 from pg_catalog.jsonb_array_elements(p_forward->'actions') a\n" +
    "      where a->>'kind' in('put_source','delete_source')\n" +
    '    )\n' +
    '  ) then\n' +
    '    return private.lukas_drawing_apply_operation_pre_p5_checkpoint_sources(\n' +
    '      p_revision_id,p_client_operation_id,p_operation_type,p_base_versions,\n' +
    '      p_forward,p_inverse,p_history_action,p_original_operation_id\n' +
    '    );\n' +
    '  end if;\n' +
    '  select o.* into v_existing from public.lukas_drawing_operations o\n' +
    '  where o.revision_id=p_revision_id\n' +
    '    and o.client_operation_id=p_client_operation_id;\n' +
    '  if found then\n' +
    '    if v_existing.actor_id is distinct from v_actor\n' +
    '      or v_existing.operation_type is distinct from p_operation_type\n' +
    '      or v_existing.base_versions is distinct from p_base_versions\n' +
    '      or v_existing.forward is distinct from p_forward\n' +
    '      or v_existing.inverse is distinct from p_inverse\n' +
    '      or v_existing.history_action is distinct from p_history_action\n' +
    '      or v_existing.original_operation_id is distinct from p_original_operation_id\n' +
    "    then raise exception using errcode='P1C01',\n" +
    "      message='Drawing operation idempotency key does not match the stored request';\n" +
    '    end if;\n' +
    '    return pg_catalog.jsonb_build_object(\n' +
    "      'operationId',v_existing.id,'sequence',v_existing.sequence,\n" +
    "      'resultVersions',v_existing.result_versions\n" +
    '    );\n' +
    '  end if;\n' +
    '  select r.* into v_revision from public.lukas_drawing_revisions r\n' +
    "  where r.id=p_revision_id and r.status='draft'\n" +
    '    and private.lukas_drawing_workspace_capability(r.project_id)\n' +
    "      in('admin','editor')\n" +
    '  for update;\n' +
    '  if not found or v_snapshot.schema_version<>2\n' +
    '    or v_snapshot.sha256 is distinct from pg_catalog.encode(\n' +
    '      extensions.digest(pg_catalog.convert_to(\n' +
    "        v_snapshot.canonical_json::text,'UTF8'),'sha256'),'hex'\n" +
    '    )\n' +
    "  then raise exception using errcode='P1C01',\n" +
    "    message='Drawing checkpoint reference target is invalid'; end if;\n" +
    '  v_snapshot_sources:=private.lukas_drawing_p5_checkpoint_sources(\n' +
    "    v_snapshot.canonical_json->'sources',p_revision_id\n" +
    '  );\n' +
    '  if exists(\n' +
    '    select 1 from pg_catalog.jsonb_array_elements(v_snapshot_sources) s\n' +
    '    where private.lukas_drawing_structure_action_valid(\n' +
    '      pg_catalog.jsonb_build_object(\n' +
    "        'kind','put_source','entity',s,'baseVersion',null\n" +
    '      ),p_revision_id\n' +
    '    ) is not true\n' +
    '      or not exists(\n' +
    '        select 1 from pg_catalog.jsonb_array_elements(\n' +
    "          v_snapshot.canonical_json->'objects'\n" +
    "        ) o where o->>'id'=s->>'objectId'\n" +
    '      )\n' +
    '      or not exists(\n' +
    '        select 1 from public.lukas_qto_files f\n' +
    "        where f.id=(s->>'sourceFileId')::uuid\n" +
    '          and f.project_id=v_revision.project_id\n' +
    "          and f.sha256=s->>'sourceSha256' and f.immutable\n" +
    '          and (\n' +
    "            s->>'sourceKind'='pdf_region' and f.kind='pdf'\n" +
    "            or s->>'sourceKind'='ifc_element' and f.kind='ifc'\n" +
    "            or s->>'sourceKind'='dxf_entity' and f.kind='dxf' or s->>'sourceKind'='dwg_entity' and f.kind='dwg'\n" +
    '          )\n' +
    '      )\n' +
    '  ) or exists(\n' +
    '    select 1 from pg_catalog.jsonb_array_elements(v_snapshot_sources) s\n' +
    "    group by s->>'objectId',s->>'sourceFileId',s->>'sourceKind'\n" +
    '    having pg_catalog.count(*)>1\n' +
    '  ) or exists(\n' +
    '    select 1 from pg_catalog.jsonb_array_elements(\n' +
    "      v_snapshot.canonical_json->'issues'\n" +
    '    ) i\n' +
    "    where not (i ?& array['id','objectId'])\n" +
    "      or i-array['id','objectId']<>'{}'::jsonb\n" +
    '      or not exists(\n' +
    '        select 1 from pg_catalog.jsonb_array_elements(\n' +
    "          v_snapshot.canonical_json->'objects'\n" +
    "        ) o where o->>'id'=i->>'objectId'\n" +
    '      )\n' +
    '      or not exists(\n' +
    '        select 1 from public.lukas_drawing_issues x\n' +
    "        where x.id=(i->>'id')::uuid and x.project_id=v_revision.project_id\n" +
    '      )\n' +
    '  ) or exists(\n' +
    '    select 1 from pg_catalog.jsonb_array_elements(\n' +
    "      v_snapshot.canonical_json->'issues'\n" +
    "    ) i group by i->>'id',i->>'objectId' having pg_catalog.count(*)>1\n" +
    "  ) then raise exception using errcode='P1C01',\n" +
    "    message='Drawing checkpoint source graph is invalid'; end if;\n" +
    '\n' +
    '  select coalesce(\n' +
    "    pg_catalog.jsonb_agg(a.value order by a.ordinality),'[]'::jsonb\n" +
    '  ) into v_sources\n' +
    "  from pg_catalog.jsonb_array_elements(p_forward->'actions')\n" +
    '    with ordinality a(value,ordinality)\n' +
    "  where a.value->>'kind' in('put_source','delete_source');\n" +
    '  select coalesce(\n' +
    "    pg_catalog.jsonb_agg(a.value order by a.ordinality),'[]'::jsonb\n" +
    '  ) into v_inverse_sources\n' +
    "  from pg_catalog.jsonb_array_elements(p_inverse->'actions')\n" +
    '    with ordinality a(value,ordinality)\n' +
    "  where a.value->>'kind' in('put_source','delete_source');\n" +
    '  v_plan:=private.lukas_drawing_validate_source_actions(\n' +
    '    p_revision_id,v_revision.project_id,v_sources,v_inverse_sources\n' +
    '  );\n' +
    '  select pg_catalog.array_agg(key) into v_source_ids\n' +
    "  from pg_catalog.jsonb_object_keys(v_plan->'results') key;\n" +
    '  v_core_bases:=p_base_versions-coalesce(v_source_ids,array[]::text[]);\n' +
    "  if p_base_versions is distinct from v_core_bases||(v_plan->'bases') then\n" +
    "    raise exception using errcode='P1C01',\n" +
    "      message='Drawing checkpoint source base versions are incomplete';\n" +
    '  end if;\n' +
    "  select pg_catalog.jsonb_set(p_forward,'{actions}',coalesce(\n" +
    '    pg_catalog.jsonb_agg(a.value order by a.ordinality)\n' +
    "      filter(where a.value->>'kind' not in('put_source','delete_source')),\n" +
    "    '[]'::jsonb),false) into v_core\n" +
    "  from pg_catalog.jsonb_array_elements(p_forward->'actions')\n" +
    '    with ordinality a(value,ordinality);\n' +
    "  select pg_catalog.jsonb_set(p_inverse,'{actions}',coalesce(\n" +
    '    pg_catalog.jsonb_agg(a.value order by a.ordinality)\n' +
    "      filter(where a.value->>'kind' not in('put_source','delete_source')),\n" +
    "    '[]'::jsonb),false) into v_inverse_core\n" +
    "  from pg_catalog.jsonb_array_elements(p_inverse->'actions')\n" +
    '    with ordinality a(value,ordinality);\n' +
    '\n' +
    '  insert into private.lukas_drawing_checkpoint_reference_targets(\n' +
    '    transaction_id,actor_id,revision_id,snapshot_id,sources,issues\n' +
    '  ) values(\n' +
    '    pg_catalog.txid_current(),v_actor,p_revision_id,v_snapshot.id,\n' +
    "    v_snapshot_sources,v_snapshot.canonical_json->'issues'\n" +
    '  );\n' +
    '  insert into private.lukas_drawing_checkpoint_issue_delete_leases(\n' +
    '    transaction_id,actor_id,revision_id,link_id\n' +
    '  ) select pg_catalog.txid_current(),v_actor,p_revision_id,l.id\n' +
    '    from public.lukas_drawing_object_issue_links l\n' +
    '    where l.revision_id=p_revision_id and not exists(\n' +
    '      select 1 from pg_catalog.jsonb_array_elements(\n' +
    "        v_snapshot.canonical_json->'issues'\n" +
    "      ) i where i->>'id'=l.issue_id::text and i->>'objectId'=l.object_id::text\n" +
    '    );\n' +
    '  insert into private.lukas_drawing_checkpoint_reference_history(\n' +
    '    revision_id,project_id,snapshot_id,client_operation_id,actor_id,\n' +
    '    link_kind,action,link_identity\n' +
    '  ) select p_revision_id,v_revision.project_id,v_snapshot.id,\n' +
    "      p_client_operation_id,v_actor,'issue','delete',pg_catalog.to_jsonb(l)\n" +
    '    from public.lukas_drawing_object_issue_links l\n' +
    '    join private.lukas_drawing_checkpoint_issue_delete_leases x\n' +
    '      on x.transaction_id=pg_catalog.txid_current() and x.actor_id=v_actor\n' +
    '      and x.revision_id=p_revision_id and x.link_id=l.id;\n' +
    '  delete from public.lukas_drawing_object_issue_links l\n' +
    '  using private.lukas_drawing_checkpoint_issue_delete_leases x\n' +
    '  where x.transaction_id=pg_catalog.txid_current() and x.actor_id=v_actor\n' +
    '    and x.revision_id=p_revision_id and x.link_id=l.id;\n' +
    '\n' +
    '  for v_action in\n' +
    "    select value from pg_catalog.jsonb_array_elements(p_forward->'actions')\n" +
    '  loop\n' +
    "    if v_action->>'kind' in('put_source','delete_source') then\n" +
    "      v_identity:=case when v_action->>'kind'='put_source'\n" +
    "        then v_action->'entity'\n" +
    '        else private.lukas_drawing_source_json(\n' +
    "          (v_action->>'id')::uuid,p_revision_id,v_revision.project_id,true\n" +
    '        ) end;\n' +
    '      insert into private.lukas_drawing_checkpoint_reference_history(\n' +
    '        revision_id,project_id,snapshot_id,client_operation_id,actor_id,\n' +
    '        link_kind,action,link_identity\n' +
    '      ) values(\n' +
    '        p_revision_id,v_revision.project_id,v_snapshot.id,\n' +
    "        p_client_operation_id,v_actor,'source',\n" +
    "        case when v_action->>'kind'='put_source' then 'restore'\n" +
    "          else 'delete' end,\n" +
    '        v_identity\n' +
    '      );\n' +
    '    end if;\n' +
    '  end loop;\n' +
    '\n' +
    "  if pg_catalog.jsonb_array_length(v_core->'actions')=0 then\n" +
    '    select coalesce(pg_catalog.max(o.sequence),0)+1 into v_sequence\n' +
    '    from public.lukas_drawing_operations o where o.revision_id=p_revision_id;\n' +
    '    v_operation_id:=ext'... 3964 more characters,
  file: 'scansup.c',
  line: '99',
  routine: 'truncate_identifier'
}
{
  severity_local: 'NOTICE',
  severity: 'NOTICE',
  code: '42622',
  message: 'identifier "lukas_drawing_apply_operation_pre_checkpoint_reference_authority" will be truncated to "lukas_drawing_apply_operation_pre_checkpoint_reference_authorit"',
  where: 'SQL statement "CREATE OR REPLACE FUNCTION private.lukas_drawing_apply_operation_pre_p4_semantic_objects(p_revision_id uuid, p_client_operation_id uuid, p_operation_type text, p_base_versions jsonb, p_forward jsonb, p_inverse jsonb, p_history_action text, p_original_operation_id uuid)\n' +
    ' RETURNS jsonb\n' +
    ' LANGUAGE plpgsql\n' +
    ' SECURITY DEFINER\n' +
    " SET search_path TO ''\n" +
    'AS $function$\n' +
    'declare\n' +
    '  v_actor uuid:=(select auth.uid());\n' +
    '  v_revision public.lukas_drawing_revisions%rowtype;\n' +
    '  v_snapshot public.lukas_drawing_snapshots%rowtype;\n' +
    '  v_existing public.lukas_drawing_operations%rowtype;\n' +
    '  v_issue jsonb; v_action jsonb; v_identity jsonb; v_result jsonb;\n' +
    '  v_sources jsonb; v_inverse_sources jsonb; v_core jsonb; v_inverse_core jsonb;\n' +
    '  v_plan jsonb; v_core_bases jsonb; v_results jsonb; v_live_sources jsonb;\n' +
    '  v_snapshot_sources jsonb; v_target_sources jsonb; v_live_issues jsonb;\n' +
    '  v_source_ids text[];\n' +
    '  v_operation_id uuid; v_sequence bigint;\n' +
    'begin\n' +
    "  if p_operation_type<>'restore_checkpoint' then\n" +
    '    return private.lukas_drawing_apply_operation_pre_p5_checkpoint_sources(\n' +
    '      p_revision_id,p_client_operation_id,p_operation_type,p_base_versions,\n' +
    '      p_forward,p_inverse,p_history_action,p_original_operation_id\n' +
    '    );\n' +
    '  end if;\n' +
    '  select s.* into v_snapshot from public.lukas_drawing_snapshots s\n' +
    "  where s.id=(p_forward->>'checkpointId')::uuid\n" +
    '    and s.revision_id=p_revision_id for share;\n' +
    '  if not found or not (\n' +
    '    exists(\n' +
    '      select 1 from pg_catalog.jsonb_array_elements(\n' +
    "        v_snapshot.canonical_json->'sources'\n" +
    "      ) s where s ? 'revisionId'\n" +
    '    )\n' +
    '    or exists(\n' +
    "      select 1 from pg_catalog.jsonb_array_elements(p_forward->'actions') a\n" +
    "      where a->>'kind' in('put_source','delete_source')\n" +
    '    )\n' +
    '  ) then\n' +
    '    return private.lukas_drawing_apply_operation_pre_p5_checkpoint_sources(\n' +
    '      p_revision_id,p_client_operation_id,p_operation_type,p_base_versions,\n' +
    '      p_forward,p_inverse,p_history_action,p_original_operation_id\n' +
    '    );\n' +
    '  end if;\n' +
    '  select o.* into v_existing from public.lukas_drawing_operations o\n' +
    '  where o.revision_id=p_revision_id\n' +
    '    and o.client_operation_id=p_client_operation_id;\n' +
    '  if found then\n' +
    '    if v_existing.actor_id is distinct from v_actor\n' +
    '      or v_existing.operation_type is distinct from p_operation_type\n' +
    '      or v_existing.base_versions is distinct from p_base_versions\n' +
    '      or v_existing.forward is distinct from p_forward\n' +
    '      or v_existing.inverse is distinct from p_inverse\n' +
    '      or v_existing.history_action is distinct from p_history_action\n' +
    '      or v_existing.original_operation_id is distinct from p_original_operation_id\n' +
    "    then raise exception using errcode='P1C01',\n" +
    "      message='Drawing operation idempotency key does not match the stored request';\n" +
    '    end if;\n' +
    '    return pg_catalog.jsonb_build_object(\n' +
    "      'operationId',v_existing.id,'sequence',v_existing.sequence,\n" +
    "      'resultVersions',v_existing.result_versions\n" +
    '    );\n' +
    '  end if;\n' +
    '  select r.* into v_revision from public.lukas_drawing_revisions r\n' +
    "  where r.id=p_revision_id and r.status='draft'\n" +
    '    and private.lukas_drawing_workspace_capability(r.project_id)\n' +
    "      in('admin','editor')\n" +
    '  for update;\n' +
    '  if not found or v_snapshot.schema_version<>2\n' +
    '    or v_snapshot.sha256 is distinct from pg_catalog.encode(\n' +
    '      extensions.digest(pg_catalog.convert_to(\n' +
    "        v_snapshot.canonical_json::text,'UTF8'),'sha256'),'hex'\n" +
    '    )\n' +
    "  then raise exception using errcode='P1C01',\n" +
    "    message='Drawing checkpoint reference target is invalid'; end if;\n" +
    '  v_snapshot_sources:=private.lukas_drawing_p5_checkpoint_sources(\n' +
    "    v_snapshot.canonical_json->'sources',p_revision_id\n" +
    '  );\n' +
    '  if exists(\n' +
    '    select 1 from pg_catalog.jsonb_array_elements(v_snapshot_sources) s\n' +
    '    where private.lukas_drawing_structure_action_valid(\n' +
    '      pg_catalog.jsonb_build_object(\n' +
    "        'kind','put_source','entity',s,'baseVersion',null\n" +
    '      ),p_revision_id\n' +
    '    ) is not true\n' +
    '      or not exists(\n' +
    '        select 1 from pg_catalog.jsonb_array_elements(\n' +
    "          v_snapshot.canonical_json->'objects'\n" +
    "        ) o where o->>'id'=s->>'objectId'\n" +
    '      )\n' +
    '      or not exists(\n' +
    '        select 1 from public.lukas_qto_files f\n' +
    "        where f.id=(s->>'sourceFileId')::uuid\n" +
    '          and f.project_id=v_revision.project_id\n' +
    "          and f.sha256=s->>'sourceSha256' and f.immutable\n" +
    '          and (\n' +
    "            s->>'sourceKind'='pdf_region' and f.kind='pdf'\n" +
    "            or s->>'sourceKind'='ifc_element' and f.kind='ifc'\n" +
    "            or s->>'sourceKind'='dxf_entity' and f.kind='dxf' or s->>'sourceKind'='dwg_entity' and f.kind='dwg'\n" +
    '          )\n' +
    '      )\n' +
    '  ) or exists(\n' +
    '    select 1 from pg_catalog.jsonb_array_elements(v_snapshot_sources) s\n' +
    "    group by s->>'objectId',s->>'sourceFileId',s->>'sourceKind'\n" +
    '    having pg_catalog.count(*)>1\n' +
    '  ) or exists(\n' +
    '    select 1 from pg_catalog.jsonb_array_elements(\n' +
    "      v_snapshot.canonical_json->'issues'\n" +
    '    ) i\n' +
    "    where not (i ?& array['id','objectId'])\n" +
    "      or i-array['id','objectId']<>'{}'::jsonb\n" +
    '      or not exists(\n' +
    '        select 1 from pg_catalog.jsonb_array_elements(\n' +
    "          v_snapshot.canonical_json->'objects'\n" +
    "        ) o where o->>'id'=i->>'objectId'\n" +
    '      )\n' +
    '      or not exists(\n' +
    '        select 1 from public.lukas_drawing_issues x\n' +
    "        where x.id=(i->>'id')::uuid and x.project_id=v_revision.project_id\n" +
    '      )\n' +
    '  ) or exists(\n' +
    '    select 1 from pg_catalog.jsonb_array_elements(\n' +
    "      v_snapshot.canonical_json->'issues'\n" +
    "    ) i group by i->>'id',i->>'objectId' having pg_catalog.count(*)>1\n" +
    "  ) then raise exception using errcode='P1C01',\n" +
    "    message='Drawing checkpoint source graph is invalid'; end if;\n" +
    '\n' +
    '  select coalesce(\n' +
    "    pg_catalog.jsonb_agg(a.value order by a.ordinality),'[]'::jsonb\n" +
    '  ) into v_sources\n' +
    "  from pg_catalog.jsonb_array_elements(p_forward->'actions')\n" +
    '    with ordinality a(value,ordinality)\n' +
    "  where a.value->>'kind' in('put_source','delete_source');\n" +
    '  select coalesce(\n' +
    "    pg_catalog.jsonb_agg(a.value order by a.ordinality),'[]'::jsonb\n" +
    '  ) into v_inverse_sources\n' +
    "  from pg_catalog.jsonb_array_elements(p_inverse->'actions')\n" +
    '    with ordinality a(value,ordinality)\n' +
    "  where a.value->>'kind' in('put_source','delete_source');\n" +
    '  v_plan:=private.lukas_drawing_validate_source_actions(\n' +
    '    p_revision_id,v_revision.project_id,v_sources,v_inverse_sources\n' +
    '  );\n' +
    '  select pg_catalog.array_agg(key) into v_source_ids\n' +
    "  from pg_catalog.jsonb_object_keys(v_plan->'results') key;\n" +
    '  v_core_bases:=p_base_versions-coalesce(v_source_ids,array[]::text[]);\n' +
    "  if p_base_versions is distinct from v_core_bases||(v_plan->'bases') then\n" +
    "    raise exception using errcode='P1C01',\n" +
    "      message='Drawing checkpoint source base versions are incomplete';\n" +
    '  end if;\n' +
    "  select pg_catalog.jsonb_set(p_forward,'{actions}',coalesce(\n" +
    '    pg_catalog.jsonb_agg(a.value order by a.ordinality)\n' +
    "      filter(where a.value->>'kind' not in('put_source','delete_source')),\n" +
    "    '[]'::jsonb),false) into v_core\n" +
    "  from pg_catalog.jsonb_array_elements(p_forward->'actions')\n" +
    '    with ordinality a(value,ordinality);\n' +
    "  select pg_catalog.jsonb_set(p_inverse,'{actions}',coalesce(\n" +
    '    pg_catalog.jsonb_agg(a.value order by a.ordinality)\n' +
    "      filter(where a.value->>'kind' not in('put_source','delete_source')),\n" +
    "    '[]'::jsonb),false) into v_inverse_core\n" +
    "  from pg_catalog.jsonb_array_elements(p_inverse->'actions')\n" +
    '    with ordinality a(value,ordinality);\n' +
    '\n' +
    '  insert into private.lukas_drawing_checkpoint_reference_targets(\n' +
    '    transaction_id,actor_id,revision_id,snapshot_id,sources,issues\n' +
    '  ) values(\n' +
    '    pg_catalog.txid_current(),v_actor,p_revision_id,v_snapshot.id,\n' +
    "    v_snapshot_sources,v_snapshot.canonical_json->'issues'\n" +
    '  );\n' +
    '  insert into private.lukas_drawing_checkpoint_issue_delete_leases(\n' +
    '    transaction_id,actor_id,revision_id,link_id\n' +
    '  ) select pg_catalog.txid_current(),v_actor,p_revision_id,l.id\n' +
    '    from public.lukas_drawing_object_issue_links l\n' +
    '    where l.revision_id=p_revision_id and not exists(\n' +
    '      select 1 from pg_catalog.jsonb_array_elements(\n' +
    "        v_snapshot.canonical_json->'issues'\n" +
    "      ) i where i->>'id'=l.issue_id::text and i->>'objectId'=l.object_id::text\n" +
    '    );\n' +
    '  insert into private.lukas_drawing_checkpoint_reference_history(\n' +
    '    revision_id,project_id,snapshot_id,client_operation_id,actor_id,\n' +
    '    link_kind,action,link_identity\n' +
    '  ) select p_revision_id,v_revision.project_id,v_snapshot.id,\n' +
    "      p_client_operation_id,v_actor,'issue','delete',pg_catalog.to_jsonb(l)\n" +
    '    from public.lukas_drawing_object_issue_links l\n' +
    '    join private.lukas_drawing_checkpoint_issue_delete_leases x\n' +
    '      on x.transaction_id=pg_catalog.txid_current() and x.actor_id=v_actor\n' +
    '      and x.revision_id=p_revision_id and x.link_id=l.id;\n' +
    '  delete from public.lukas_drawing_object_issue_links l\n' +
    '  using private.lukas_drawing_checkpoint_issue_delete_leases x\n' +
    '  where x.transaction_id=pg_catalog.txid_current() and x.actor_id=v_actor\n' +
    '    and x.revision_id=p_revision_id and x.link_id=l.id;\n' +
    '\n' +
    '  for v_action in\n' +
    "    select value from pg_catalog.jsonb_array_elements(p_forward->'actions')\n" +
    '  loop\n' +
    "    if v_action->>'kind' in('put_source','delete_source') then\n" +
    "      v_identity:=case when v_action->>'kind'='put_source'\n" +
    "        then v_action->'entity'\n" +
    '        else private.lukas_drawing_source_json(\n' +
    "          (v_action->>'id')::uuid,p_revision_id,v_revision.project_id,true\n" +
    '        ) end;\n' +
    '      insert into private.lukas_drawing_checkpoint_reference_history(\n' +
    '        revision_id,project_id,snapshot_id,client_operation_id,actor_id,\n' +
    '        link_kind,action,link_identity\n' +
    '      ) values(\n' +
    '        p_revision_id,v_revision.project_id,v_snapshot.id,\n' +
    "        p_client_operation_id,v_actor,'source',\n" +
    "        case when v_action->>'kind'='put_source' then 'restore'\n" +
    "          else 'delete' end,\n" +
    '        v_identity\n' +
    '      );\n' +
    '    end if;\n' +
    '  end loop;\n' +
    '\n' +
    "  if pg_catalog.jsonb_array_length(v_core->'actions')=0 then\n" +
    '    select coalesce(pg_catalog.max(o.sequence),0)+1 into v_sequence\n' +
    '    from public.lukas_drawing_operations o where o.revision_id=p_revision_id;\n' +
    '    v_operation_id:=extensions.gen_random_uuid();\n' +
    "    v_results:=v_plan->'results';\n" +
    '    insert into public.lukas_drawing_opera'... 3861 more characters,
  internal_position: '10175',
  internal_query: '\n' +
    'declare\n' +
    '  v_actor uuid:=(select auth.uid());\n' +
    '  v_revision public.lukas_drawing_revisions%rowtype;\n' +
    '  v_snapshot public.lukas_drawing_snapshots%rowtype;\n' +
    '  v_existing public.lukas_drawing_operations%rowtype;\n' +
    '  v_issue jsonb; v_action jsonb; v_identity jsonb; v_result jsonb;\n' +
    '  v_sources jsonb; v_inverse_sources jsonb; v_core jsonb; v_inverse_core jsonb;\n' +
    '  v_plan jsonb; v_core_bases jsonb; v_results jsonb; v_live_sources jsonb;\n' +
    '  v_snapshot_sources jsonb; v_target_sources jsonb; v_live_issues jsonb;\n' +
    '  v_source_ids text[];\n' +
    '  v_operation_id uuid; v_sequence bigint;\n' +
    'begin\n' +
    "  if p_operation_type<>'restore_checkpoint' then\n" +
    '    return private.lukas_drawing_apply_operation_pre_p5_checkpoint_sources(\n' +
    '      p_revision_id,p_client_operation_id,p_operation_type,p_base_versions,\n' +
    '      p_forward,p_inverse,p_history_action,p_original_operation_id\n' +
    '    );\n' +
    '  end if;\n' +
    '  select s.* into v_snapshot from public.lukas_drawing_snapshots s\n' +
    "  where s.id=(p_forward->>'checkpointId')::uuid\n" +
    '    and s.revision_id=p_revision_id for share;\n' +
    '  if not found or not (\n' +
    '    exists(\n' +
    '      select 1 from pg_catalog.jsonb_array_elements(\n' +
    "        v_snapshot.canonical_json->'sources'\n" +
    "      ) s where s ? 'revisionId'\n" +
    '    )\n' +
    '    or exists(\n' +
    "      select 1 from pg_catalog.jsonb_array_elements(p_forward->'actions') a\n" +
    "      where a->>'kind' in('put_source','delete_source')\n" +
    '    )\n' +
    '  ) then\n' +
    '    return private.lukas_drawing_apply_operation_pre_p5_checkpoint_sources(\n' +
    '      p_revision_id,p_client_operation_id,p_operation_type,p_base_versions,\n' +
    '      p_forward,p_inverse,p_history_action,p_original_operation_id\n' +
    '    );\n' +
    '  end if;\n' +
    '  select o.* into v_existing from public.lukas_drawing_operations o\n' +
    '  where o.revision_id=p_revision_id\n' +
    '    and o.client_operation_id=p_client_operation_id;\n' +
    '  if found then\n' +
    '    if v_existing.actor_id is distinct from v_actor\n' +
    '      or v_existing.operation_type is distinct from p_operation_type\n' +
    '      or v_existing.base_versions is distinct from p_base_versions\n' +
    '      or v_existing.forward is distinct from p_forward\n' +
    '      or v_existing.inverse is distinct from p_inverse\n' +
    '      or v_existing.history_action is distinct from p_history_action\n' +
    '      or v_existing.original_operation_id is distinct from p_original_operation_id\n' +
    "    then raise exception using errcode='P1C01',\n" +
    "      message='Drawing operation idempotency key does not match the stored request';\n" +
    '    end if;\n' +
    '    return pg_catalog.jsonb_build_object(\n' +
    "      'operationId',v_existing.id,'sequence',v_existing.sequence,\n" +
    "      'resultVersions',v_existing.result_versions\n" +
    '    );\n' +
    '  end if;\n' +
    '  select r.* into v_revision from public.lukas_drawing_revisions r\n' +
    "  where r.id=p_revision_id and r.status='draft'\n" +
    '    and private.lukas_drawing_workspace_capability(r.project_id)\n' +
    "      in('admin','editor')\n" +
    '  for update;\n' +
    '  if not found or v_snapshot.schema_version<>2\n' +
    '    or v_snapshot.sha256 is distinct from pg_catalog.encode(\n' +
    '      extensions.digest(pg_catalog.convert_to(\n' +
    "        v_snapshot.canonical_json::text,'UTF8'),'sha256'),'hex'\n" +
    '    )\n' +
    "  then raise exception using errcode='P1C01',\n" +
    "    message='Drawing checkpoint reference target is invalid'; end if;\n" +
    '  v_snapshot_sources:=private.lukas_drawing_p5_checkpoint_sources(\n' +
    "    v_snapshot.canonical_json->'sources',p_revision_id\n" +
    '  );\n' +
    '  if exists(\n' +
    '    select 1 from pg_catalog.jsonb_array_elements(v_snapshot_sources) s\n' +
    '    where private.lukas_drawing_structure_action_valid(\n' +
    '      pg_catalog.jsonb_build_object(\n' +
    "        'kind','put_source','entity',s,'baseVersion',null\n" +
    '      ),p_revision_id\n' +
    '    ) is not true\n' +
    '      or not exists(\n' +
    '        select 1 from pg_catalog.jsonb_array_elements(\n' +
    "          v_snapshot.canonical_json->'objects'\n" +
    "        ) o where o->>'id'=s->>'objectId'\n" +
    '      )\n' +
    '      or not exists(\n' +
    '        select 1 from public.lukas_qto_files f\n' +
    "        where f.id=(s->>'sourceFileId')::uuid\n" +
    '          and f.project_id=v_revision.project_id\n' +
    "          and f.sha256=s->>'sourceSha256' and f.immutable\n" +
    '          and (\n' +
    "            s->>'sourceKind'='pdf_region' and f.kind='pdf'\n" +
    "            or s->>'sourceKind'='ifc_element' and f.kind='ifc'\n" +
    "            or s->>'sourceKind'='dxf_entity' and f.kind='dxf' or s->>'sourceKind'='dwg_entity' and f.kind='dwg'\n" +
    '          )\n' +
    '      )\n' +
    '  ) or exists(\n' +
    '    select 1 from pg_catalog.jsonb_array_elements(v_snapshot_sources) s\n' +
    "    group by s->>'objectId',s->>'sourceFileId',s->>'sourceKind'\n" +
    '    having pg_catalog.count(*)>1\n' +
    '  ) or exists(\n' +
    '    select 1 from pg_catalog.jsonb_array_elements(\n' +
    "      v_snapshot.canonical_json->'issues'\n" +
    '    ) i\n' +
    "    where not (i ?& array['id','objectId'])\n" +
    "      or i-array['id','objectId']<>'{}'::jsonb\n" +
    '      or not exists(\n' +
    '        select 1 from pg_catalog.jsonb_array_elements(\n' +
    "          v_snapshot.canonical_json->'objects'\n" +
    "        ) o where o->>'id'=i->>'objectId'\n" +
    '      )\n' +
    '      or not exists(\n' +
    '        select 1 from public.lukas_drawing_issues x\n' +
    "        where x.id=(i->>'id')::uuid and x.project_id=v_revision.project_id\n" +
    '      )\n' +
    '  ) or exists(\n' +
    '    select 1 from pg_catalog.jsonb_array_elements(\n' +
    "      v_snapshot.canonical_json->'issues'\n" +
    "    ) i group by i->>'id',i->>'objectId' having pg_catalog.count(*)>1\n" +
    "  ) then raise exception using errcode='P1C01',\n" +
    "    message='Drawing checkpoint source graph is invalid'; end if;\n" +
    '\n' +
    '  select coalesce(\n' +
    "    pg_catalog.jsonb_agg(a.value order by a.ordinality),'[]'::jsonb\n" +
    '  ) into v_sources\n' +
    "  from pg_catalog.jsonb_array_elements(p_forward->'actions')\n" +
    '    with ordinality a(value,ordinality)\n' +
    "  where a.value->>'kind' in('put_source','delete_source');\n" +
    '  select coalesce(\n' +
    "    pg_catalog.jsonb_agg(a.value order by a.ordinality),'[]'::jsonb\n" +
    '  ) into v_inverse_sources\n' +
    "  from pg_catalog.jsonb_array_elements(p_inverse->'actions')\n" +
    '    with ordinality a(value,ordinality)\n' +
    "  where a.value->>'kind' in('put_source','delete_source');\n" +
    '  v_plan:=private.lukas_drawing_validate_source_actions(\n' +
    '    p_revision_id,v_revision.project_id,v_sources,v_inverse_sources\n' +
    '  );\n' +
    '  select pg_catalog.array_agg(key) into v_source_ids\n' +
    "  from pg_catalog.jsonb_object_keys(v_plan->'results') key;\n" +
    '  v_core_bases:=p_base_versions-coalesce(v_source_ids,array[]::text[]);\n' +
    "  if p_base_versions is distinct from v_core_bases||(v_plan->'bases') then\n" +
    "    raise exception using errcode='P1C01',\n" +
    "      message='Drawing checkpoint source base versions are incomplete';\n" +
    '  end if;\n' +
    "  select pg_catalog.jsonb_set(p_forward,'{actions}',coalesce(\n" +
    '    pg_catalog.jsonb_agg(a.value order by a.ordinality)\n' +
    "      filter(where a.value->>'kind' not in('put_source','delete_source')),\n" +
    "    '[]'::jsonb),false) into v_core\n" +
    "  from pg_catalog.jsonb_array_elements(p_forward->'actions')\n" +
    '    with ordinality a(value,ordinality);\n' +
    "  select pg_catalog.jsonb_set(p_inverse,'{actions}',coalesce(\n" +
    '    pg_catalog.jsonb_agg(a.value order by a.ordinality)\n' +
    "      filter(where a.value->>'kind' not in('put_source','delete_source')),\n" +
    "    '[]'::jsonb),false) into v_inverse_core\n" +
    "  from pg_catalog.jsonb_array_elements(p_inverse->'actions')\n" +
    '    with ordinality a(value,ordinality);\n' +
    '\n' +
    '  insert into private.lukas_drawing_checkpoint_reference_targets(\n' +
    '    transaction_id,actor_id,revision_id,snapshot_id,sources,issues\n' +
    '  ) values(\n' +
    '    pg_catalog.txid_current(),v_actor,p_revision_id,v_snapshot.id,\n' +
    "    v_snapshot_sources,v_snapshot.canonical_json->'issues'\n" +
    '  );\n' +
    '  insert into private.lukas_drawing_checkpoint_issue_delete_leases(\n' +
    '    transaction_id,actor_id,revision_id,link_id\n' +
    '  ) select pg_catalog.txid_current(),v_actor,p_revision_id,l.id\n' +
    '    from public.lukas_drawing_object_issue_links l\n' +
    '    where l.revision_id=p_revision_id and not exists(\n' +
    '      select 1 from pg_catalog.jsonb_array_elements(\n' +
    "        v_snapshot.canonical_json->'issues'\n" +
    "      ) i where i->>'id'=l.issue_id::text and i->>'objectId'=l.object_id::text\n" +
    '    );\n' +
    '  insert into private.lukas_drawing_checkpoint_reference_history(\n' +
    '    revision_id,project_id,snapshot_id,client_operation_id,actor_id,\n' +
    '    link_kind,action,link_identity\n' +
    '  ) select p_revision_id,v_revision.project_id,v_snapshot.id,\n' +
    "      p_client_operation_id,v_actor,'issue','delete',pg_catalog.to_jsonb(l)\n" +
    '    from public.lukas_drawing_object_issue_links l\n' +
    '    join private.lukas_drawing_checkpoint_issue_delete_leases x\n' +
    '      on x.transaction_id=pg_catalog.txid_current() and x.actor_id=v_actor\n' +
    '      and x.revision_id=p_revision_id and x.link_id=l.id;\n' +
    '  delete from public.lukas_drawing_object_issue_links l\n' +
    '  using private.lukas_drawing_checkpoint_issue_delete_leases x\n' +
    '  where x.transaction_id=pg_catalog.txid_current() and x.actor_id=v_actor\n' +
    '    and x.revision_id=p_revision_id and x.link_id=l.id;\n' +
    '\n' +
    '  for v_action in\n' +
    "    select value from pg_catalog.jsonb_array_elements(p_forward->'actions')\n" +
    '  loop\n' +
    "    if v_action->>'kind' in('put_source','delete_source') then\n" +
    "      v_identity:=case when v_action->>'kind'='put_source'\n" +
    "        then v_action->'entity'\n" +
    '        else private.lukas_drawing_source_json(\n' +
    "          (v_action->>'id')::uuid,p_revision_id,v_revision.project_id,true\n" +
    '        ) end;\n' +
    '      insert into private.lukas_drawing_checkpoint_reference_history(\n' +
    '        revision_id,project_id,snapshot_id,client_operation_id,actor_id,\n' +
    '        link_kind,action,link_identity\n' +
    '      ) values(\n' +
    '        p_revision_id,v_revision.project_id,v_snapshot.id,\n' +
    "        p_client_operation_id,v_actor,'source',\n" +
    "        case when v_action->>'kind'='put_source' then 'restore'\n" +
    "          else 'delete' end,\n" +
    '        v_identity\n' +
    '      );\n' +
    '    end if;\n' +
    '  end loop;\n' +
    '\n' +
    "  if pg_catalog.jsonb_array_length(v_core->'actions')=0 then\n" +
    '    select coalesce(pg_catalog.max(o.sequence),0)+1 into v_sequence\n' +
    '    from public.lukas_drawing_operations o where o.revision_id=p_revision_id;\n' +
    '    v_operation_id:=extensions.gen_random_uuid();\n' +
    "    v_results:=v_plan->'results';\n" +
    '    insert into public.lukas_drawing_operations(\n' +
    '      id,revision_id,project_id,sequence,client_operation_id,operation_type,\n' +
    '      base_versions,forward,inverse,result_versions,actor_id,\n' +
    '      history_action,original_operation_id\n' +
    '    ) values(\n' +
    '      v_operation_id,p_revision_id,v_revision.project_id,v_sequence,\n' +
    '      p_client_operation_id,p_operation_type,p_base_versions,p_forward,\n' +
    '      p_inverse,v_results,v_'... 3389 more characters,
  file: 'scansup.c',
  line: '99',
  routine: 'truncate_identifier'
}
{
  severity_local: 'NOTICE',
  severity: 'NOTICE',
  code: '42622',
  message: 'identifier "lukas_drawing_apply_operation_pre_checkpoint_reference_authority" will be truncated to "lukas_drawing_apply_operation_pre_checkpoint_reference_authorit"',
  where: 'compilation of PL/pgSQL function "lukas_drawing_apply_operation_pre_p4_semantic_objects" near line 226\n' +
    'PL/pgSQL function private.lukas_drawing_apply_operation_pre_p4_contract_fixes(uuid,uuid,text,jsonb,jsonb,jsonb,text,uuid) line 237 at assignment\n' +
    'PL/pgSQL function private.lukas_drawing_apply_operation_pre_p5_sources(uuid,uuid,text,jsonb,jsonb,jsonb,text,uuid) line 48 at RETURN\n' +
    'PL/pgSQL function private.lukas_drawing_apply_operation(uuid,uuid,text,jsonb,jsonb,jsonb,text,uuid) line 59 at assignment\n' +
    'PL/pgSQL function private.lukas_drawing_attach_source(uuid,uuid,uuid,uuid,uuid) line 222 at assignment\n' +
    'SQL function "lukas_drawing_attach_source" statement 1',
  file: 'scansup.c',
  line: '99',
  routine: 'truncate_identifier'
}
{
  severity_local: 'NOTICE',
  severity: 'NOTICE',
  code: '42622',
  message: 'identifier "lukas_drawing_apply_operation_pre_checkpoint_reference_authority" will be truncated to "lukas_drawing_apply_operation_pre_checkpoint_reference_authorit"',
  where: 'compilation of PL/pgSQL function "lukas_drawing_apply_operation_pre_p5_checkpoint_sources" near line 6\n' +
    'PL/pgSQL function private.lukas_drawing_apply_operation_pre_p4_semantic_objects(uuid,uuid,text,jsonb,jsonb,jsonb,text,uuid) line 15 at RETURN\n' +
    'PL/pgSQL function private.lukas_drawing_apply_operation_pre_p4_contract_fixes(uuid,uuid,text,jsonb,jsonb,jsonb,text,uuid) line 237 at assignment\n' +
    'PL/pgSQL function private.lukas_drawing_apply_operation_pre_p5_sources(uuid,uuid,text,jsonb,jsonb,jsonb,text,uuid) line 48 at RETURN\n' +
    'PL/pgSQL function private.lukas_drawing_apply_operation(uuid,uuid,text,jsonb,jsonb,jsonb,text,uuid) line 59 at assignment\n' +
    'PL/pgSQL function private.lukas_drawing_attach_source(uuid,uuid,uuid,uuid,uuid) line 222 at assignment\n' +
    'SQL function "lukas_drawing_attach_source" statement 1',
  file: 'scansup.c',
  line: '99',
  routine: 'truncate_identifier'
}
{
  severity_local: 'NOTICE',
  severity: 'NOTICE',
  code: '42622',
  message: 'identifier "lukas_drawing_apply_operation_pre_checkpoint_reference_authority" will be truncated to "lukas_drawing_apply_operation_pre_checkpoint_reference_authorit"',
  where: 'compilation of PL/pgSQL function "lukas_drawing_apply_operation_pre_p5_checkpoint_sources" near line 8\n' +
    'PL/pgSQL function private.lukas_drawing_apply_operation_pre_p4_semantic_objects(uuid,uuid,text,jsonb,jsonb,jsonb,text,uuid) line 15 at RETURN\n' +
    'PL/pgSQL function private.lukas_drawing_apply_operation_pre_p4_contract_fixes(uuid,uuid,text,jsonb,jsonb,jsonb,text,uuid) line 237 at assignment\n' +
    'PL/pgSQL function private.lukas_drawing_apply_operation_pre_p5_sources(uuid,uuid,text,jsonb,jsonb,jsonb,text,uuid) line 48 at RETURN\n' +
    'PL/pgSQL function private.lukas_drawing_apply_operation(uuid,uuid,text,jsonb,jsonb,jsonb,text,uuid) line 59 at assignment\n' +
    'PL/pgSQL function private.lukas_drawing_attach_source(uuid,uuid,uuid,uuid,uuid) line 222 at assignment\n' +
    'SQL function "lukas_drawing_attach_source" statement 1',
  file: 'scansup.c',
  line: '99',
  routine: 'truncate_identifier'
}
{
  severity_local: 'NOTICE',
  severity: 'NOTICE',
  code: '42622',
  message: 'identifier "lukas_drawing_apply_operation_pre_checkpoint_reference_authority" will be truncated to "lukas_drawing_apply_operation_pre_checkpoint_reference_authorit"',
  where: 'compilation of PL/pgSQL function "lukas_drawing_apply_operation_pre_p5_checkpoint_sources" near line 136\n' +
    'PL/pgSQL function private.lukas_drawing_apply_operation_pre_p4_semantic_objects(uuid,uuid,text,jsonb,jsonb,jsonb,text,uuid) line 15 at RETURN\n' +
    'PL/pgSQL function private.lukas_drawing_apply_operation_pre_p4_contract_fixes(uuid,uuid,text,jsonb,jsonb,jsonb,text,uuid) line 237 at assignment\n' +
    'PL/pgSQL function private.lukas_drawing_apply_operation_pre_p5_sources(uuid,uuid,text,jsonb,jsonb,jsonb,text,uuid) line 48 at RETURN\n' +
    'PL/pgSQL function private.lukas_drawing_apply_operation(uuid,uuid,text,jsonb,jsonb,jsonb,text,uuid) line 59 at assignment\n' +
    'PL/pgSQL function private.lukas_drawing_attach_source(uuid,uuid,uuid,uuid,uuid) line 222 at assignment\n' +
    'SQL function "lukas_drawing_attach_source" statement 1',
  file: 'scansup.c',
  line: '99',
  routine: 'truncate_identifier'
}
{
  severity_local: 'NOTICE',
  severity: 'NOTICE',
  code: '42622',
  message: 'identifier "lukas_drawing_apply_operation_pre_checkpoint_reference_authority" will be truncated to "lukas_drawing_apply_operation_pre_checkpoint_reference_authorit"',
  where: 'SQL expression "private.lukas_drawing_apply_operation_pre_checkpoint_reference_authority(\n' +
    '      p_revision_id,p_client_operation_id,p_operation_type,p_base_versions,\n' +
    '      p_forward,p_inverse,p_history_action,p_original_operation_id\n' +
    '    )"\n' +
    'PL/pgSQL function private.lukas_drawing_apply_operation_pre_p5_checkpoint_sources(uuid,uuid,text,jsonb,jsonb,jsonb,text,uuid) line 9 at RETURN\n' +
    'PL/pgSQL function private.lukas_drawing_apply_operation_pre_p4_semantic_objects(uuid,uuid,text,jsonb,jsonb,jsonb,text,uuid) line 15 at RETURN\n' +
    'PL/pgSQL function private.lukas_drawing_apply_operation_pre_p4_contract_fixes(uuid,uuid,text,jsonb,jsonb,jsonb,text,uuid) line 237 at assignment\n' +
    'PL/pgSQL function private.lukas_drawing_apply_operation_pre_p5_sources(uuid,uuid,text,jsonb,jsonb,jsonb,text,uuid) line 48 at RETURN\n' +
    'PL/pgSQL function private.lukas_drawing_apply_operation(uuid,uuid,text,jsonb,jsonb,jsonb,text,uuid) line 59 at assignment\n' +
    'PL/pgSQL function private.lukas_drawing_attach_source(uuid,uuid,uuid,uuid,uuid) line 222 at assignment\n' +
    'SQL function "lukas_drawing_attach_source" statement 1',
  file: 'scansup.c',
  line: '99',
  routine: 'truncate_identifier'
}
{
  severity_local: 'NOTICE',
  severity: 'NOTICE',
  code: '42622',
  message: 'identifier "lukas_drawing_apply_operation_pre_checkpoint_reference_authority" will be truncated to "lukas_drawing_apply_operation_pre_checkpoint_reference_authorit"',
  where: 'compilation of PL/pgSQL function "lukas_drawing_apply_operation_pre_p4_semantic_objects" near line 226\n' +
    'PL/pgSQL function private.lukas_drawing_apply_operation_pre_p4_contract_fixes(uuid,uuid,text,jsonb,jsonb,jsonb,text,uuid) line 237 at assignment\n' +
    'PL/pgSQL function private.lukas_drawing_apply_operation_pre_p5_sources(uuid,uuid,text,jsonb,jsonb,jsonb,text,uuid) line 48 at RETURN\n' +
    'PL/pgSQL function private.lukas_drawing_apply_operation(uuid,uuid,text,jsonb,jsonb,jsonb,text,uuid) line 59 at assignment\n' +
    'PL/pgSQL function public.lukas_drawing_apply_operation(uuid,uuid,text,jsonb,jsonb,jsonb,text,uuid) line 7 at RETURN',
  file: 'scansup.c',
  line: '99',
  routine: 'truncate_identifier'
}
{
  severity_local: 'NOTICE',
  severity: 'NOTICE',
  code: '42622',
  message: 'identifier "lukas_drawing_apply_operation_pre_checkpoint_reference_authority" will be truncated to "lukas_drawing_apply_operation_pre_checkpoint_reference_authorit"',
  where: 'compilation of PL/pgSQL function "lukas_drawing_apply_operation_pre_p5_checkpoint_sources" near line 6\n' +
    'PL/pgSQL function private.lukas_drawing_apply_operation_pre_p4_semantic_objects(uuid,uuid,text,jsonb,jsonb,jsonb,text,uuid) line 15 at RETURN\n' +
    'PL/pgSQL function private.lukas_drawing_apply_operation_pre_p4_contract_fixes(uuid,uuid,text,jsonb,jsonb,jsonb,text,uuid) line 237 at assignment\n' +
    'PL/pgSQL function private.lukas_drawing_apply_operation_pre_p5_sources(uuid,uuid,text,jsonb,jsonb,jsonb,text,uuid) line 48 at RETURN\n' +
    'PL/pgSQL function private.lukas_drawing_apply_operation(uuid,uuid,text,jsonb,jsonb,jsonb,text,uuid) line 59 at assignment\n' +
    'PL/pgSQL function public.lukas_drawing_apply_operation(uuid,uuid,text,jsonb,jsonb,jsonb,text,uuid) line 7 at RETURN',
  file: 'scansup.c',
  line: '99',
  routine: 'truncate_identifier'
}
{
  severity_local: 'NOTICE',
  severity: 'NOTICE',
  code: '42622',
  message: 'identifier "lukas_drawing_apply_operation_pre_checkpoint_reference_authority" will be truncated to "lukas_drawing_apply_operation_pre_checkpoint_reference_authorit"',
  where: 'compilation of PL/pgSQL function "lukas_drawing_apply_operation_pre_p5_checkpoint_sources" near line 8\n' +
    'PL/pgSQL function private.lukas_drawing_apply_operation_pre_p4_semantic_objects(uuid,uuid,text,jsonb,jsonb,jsonb,text,uuid) line 15 at RETURN\n' +
    'PL/pgSQL function private.lukas_drawing_apply_operation_pre_p4_contract_fixes(uuid,uuid,text,jsonb,jsonb,jsonb,text,uuid) line 237 at assignment\n' +
    'PL/pgSQL function private.lukas_drawing_apply_operation_pre_p5_sources(uuid,uuid,text,jsonb,jsonb,jsonb,text,uuid) line 48 at RETURN\n' +
    'PL/pgSQL function private.lukas_drawing_apply_operation(uuid,uuid,text,jsonb,jsonb,jsonb,text,uuid) line 59 at assignment\n' +
    'PL/pgSQL function public.lukas_drawing_apply_operation(uuid,uuid,text,jsonb,jsonb,jsonb,text,uuid) line 7 at RETURN',
  file: 'scansup.c',
  line: '99',
  routine: 'truncate_identifier'
}
{
  severity_local: 'NOTICE',
  severity: 'NOTICE',
  code: '42622',
  message: 'identifier "lukas_drawing_apply_operation_pre_checkpoint_reference_authority" will be truncated to "lukas_drawing_apply_operation_pre_checkpoint_reference_authorit"',
  where: 'compilation of PL/pgSQL function "lukas_drawing_apply_operation_pre_p5_checkpoint_sources" near line 136\n' +
    'PL/pgSQL function private.lukas_drawing_apply_operation_pre_p4_semantic_objects(uuid,uuid,text,jsonb,jsonb,jsonb,text,uuid) line 15 at RETURN\n' +
    'PL/pgSQL function private.lukas_drawing_apply_operation_pre_p4_contract_fixes(uuid,uuid,text,jsonb,jsonb,jsonb,text,uuid) line 237 at assignment\n' +
    'PL/pgSQL function private.lukas_drawing_apply_operation_pre_p5_sources(uuid,uuid,text,jsonb,jsonb,jsonb,text,uuid) line 48 at RETURN\n' +
    'PL/pgSQL function private.lukas_drawing_apply_operation(uuid,uuid,text,jsonb,jsonb,jsonb,text,uuid) line 59 at assignment\n' +
    'PL/pgSQL function public.lukas_drawing_apply_operation(uuid,uuid,text,jsonb,jsonb,jsonb,text,uuid) line 7 at RETURN',
  file: 'scansup.c',
  line: '99',
  routine: 'truncate_identifier'
}
{
  severity_local: 'NOTICE',
  severity: 'NOTICE',
  code: '42622',
  message: 'identifier "lukas_drawing_apply_operation_pre_checkpoint_reference_authority" will be truncated to "lukas_drawing_apply_operation_pre_checkpoint_reference_authorit"',
  where: 'SQL expression "private.lukas_drawing_apply_operation_pre_checkpoint_reference_authority(\n' +
    '      p_revision_id,p_client_operation_id,p_operation_type,p_base_versions,\n' +
    '      p_forward,p_inverse,p_history_action,p_original_operation_id\n' +
    '    )"\n' +
    'PL/pgSQL function private.lukas_drawing_apply_operation_pre_p5_checkpoint_sources(uuid,uuid,text,jsonb,jsonb,jsonb,text,uuid) line 9 at RETURN\n' +
    'PL/pgSQL function private.lukas_drawing_apply_operation_pre_p4_semantic_objects(uuid,uuid,text,jsonb,jsonb,jsonb,text,uuid) line 15 at RETURN\n' +
    'PL/pgSQL function private.lukas_drawing_apply_operation_pre_p4_contract_fixes(uuid,uuid,text,jsonb,jsonb,jsonb,text,uuid) line 237 at assignment\n' +
    'PL/pgSQL function private.lukas_drawing_apply_operation_pre_p5_sources(uuid,uuid,text,jsonb,jsonb,jsonb,text,uuid) line 48 at RETURN\n' +
    'PL/pgSQL function private.lukas_drawing_apply_operation(uuid,uuid,text,jsonb,jsonb,jsonb,text,uuid) line 59 at assignment\n' +
    'PL/pgSQL function public.lukas_drawing_apply_operation(uuid,uuid,text,jsonb,jsonb,jsonb,text,uuid) line 7 at RETURN',
  file: 'scansup.c',
  line: '99',
  routine: 'truncate_identifier'
}
{
  severity_local: 'NOTICE',
  severity: 'NOTICE',
  code: '00000',
  message: 'policy "hangil staff read projects" for relation "public.lukas_qto_projects" does not exist, skipping',
  file: 'dropcmds.c',
  line: '523',
  routine: 'does_not_exist_skipping'
}
{
  severity_local: 'NOTICE',
  severity: 'NOTICE',
  code: '00000',
  message: 'policy "hangil staff update projects" for relation "public.lukas_qto_projects" does not exist, skipping',
  file: 'dropcmds.c',
  line: '523',
  routine: 'does_not_exist_skipping'
}
{
  severity_local: 'NOTICE',
  severity: 'NOTICE',
  code: '00000',
  message: 'policy "hangil staff manage files" for relation "public.lukas_qto_files" does not exist, skipping',
  file: 'dropcmds.c',
  line: '523',
  routine: 'does_not_exist_skipping'
}
{
  severity_local: 'NOTICE',
  severity: 'NOTICE',
  code: '00000',
  message: 'policy "hangil staff manage reviews" for relation "public.lukas_qto_reviews" does not exist, skipping',
  file: 'dropcmds.c',
  line: '523',
  routine: 'does_not_exist_skipping'
}
{
  severity_local: 'NOTICE',
  severity: 'NOTICE',
  code: '00000',
  message: 'policy "hangil staff read source files" for relation "storage.objects" does not exist, skipping',
  file: 'dropcmds.c',
  line: '523',
  routine: 'does_not_exist_skipping'
}
{
  severity_local: 'NOTICE',
  severity: 'NOTICE',
  code: '00000',
  message: 'policy "hangil staff upload source files" for relation "storage.objects" does not exist, skipping',
  file: 'dropcmds.c',
  line: '523',
  routine: 'does_not_exist_skipping'
}
{
  severity_local: 'NOTICE',
  severity: 'NOTICE',
  code: '00000',
  message: 'policy "hangil staff delete source files" for relation "storage.objects" does not exist, skipping',
  file: 'dropcmds.c',
  line: '523',
  routine: 'does_not_exist_skipping'
}
{
  severity_local: 'NOTICE',
  severity: 'NOTICE',
  code: '42P06',
  message: 'schema "private" already exists, skipping',
  file: 'schemacmds.c',
  line: '132',
  routine: 'CreateSchemaCommand'
}
{
  severity_local: 'NOTICE',
  severity: 'NOTICE',
  code: '00000',
  message: 'policy "project members read file revision graph" for relation "public.lukas_qto_file_revisions" does not exist, skipping',
  file: 'dropcmds.c',
  line: '523',
  routine: 'does_not_exist_skipping'
}
{
  severity_local: 'NOTICE',
  severity: 'NOTICE',
  code: '00000',
  message: 'trigger "lukas_drawing_notifications_from_event" for relation "public.lukas_drawing_issue_events" does not exist, skipping',
  file: 'dropcmds.c',
  line: '523',
  routine: 'does_not_exist_skipping'
}
{
  severity_local: 'NOTICE',
  severity: 'NOTICE',
  code: '42P06',
  message: 'schema "extensions" already exists, skipping',
  file: 'schemacmds.c',
  line: '132',
  routine: 'CreateSchemaCommand'
}
{
  severity_local: 'NOTICE',
  severity: 'NOTICE',
  code: '42710',
  message: 'extension "pgcrypto" already exists, skipping',
  file: 'extension.c',
  line: '1791',
  routine: 'CreateExtension'
}
{
  severity_local: 'NOTICE',
  severity: 'NOTICE',
  code: '42701',
  message: 'column "name" of relation "lukas_drawing_objects" already exists, skipping',
  file: 'tablecmds.c',
  line: '7471',
  routine: 'check_for_column_name_collision'
}
{
  severity_local: 'NOTICE',
  severity: 'NOTICE',
  code: '00000',
  message: 'constraint "lukas_drawing_objects_name_contract" of relation "lukas_drawing_objects" does not exist, skipping',
  file: 'tablecmds.c',
  line: '12655',
  routine: 'ATExecDropConstraint'
}
{
  severity_local: 'NOTICE',
  severity: 'NOTICE',
  code: '00000',
  message: 'constraint "lukas_drawing_layers_name_contract" of relation "lukas_drawing_layers" does not exist, skipping',
  file: 'tablecmds.c',
  line: '12655',
  routine: 'ATExecDropConstraint'
}
{
  severity_local: 'NOTICE',
  severity: 'NOTICE',
  code: '00000',
  message: 'constraint "lukas_drawing_layers_source_contract" of relation "lukas_drawing_layers" does not exist, skipping',
  file: 'tablecmds.c',
  line: '12655',
  routine: 'ATExecDropConstraint'
}
{
  severity_local: 'NOTICE',
  severity: 'NOTICE',
  code: '00000',
  message: 'policy "workspace editors delete draft drawing layers" for relation "public.lukas_drawing_layers" does not exist, skipping',
  file: 'dropcmds.c',
  line: '523',
  routine: 'does_not_exist_skipping'
}
{
  severity_local: 'NOTICE',
  severity: 'NOTICE',
  code: '00000',
  message: 'trigger "lukas_drawing_object_issue_links_append_only" for relation "public.lukas_drawing_object_issue_links" does not exist, skipping',
  file: 'dropcmds.c',
  line: '523',
  routine: 'does_not_exist_skipping'
}
{
  severity_local: 'NOTICE',
  severity: 'NOTICE',
  code: '00000',
  message: 'trigger "lukas_drawing_layers_canvas_fill" for relation "public.lukas_drawing_layers" does not exist, skipping',
  file: 'dropcmds.c',
  line: '523',
  routine: 'does_not_exist_skipping'
}
{
  severity_local: 'NOTICE',
  severity: 'NOTICE',
  code: '42622',
  message: 'identifier "lukas_drawing_structure_block_compound_valid_pre_p2_contract_hardening" will be truncated to "lukas_drawing_structure_block_compound_valid_pre_p2_contract_ha"',
  file: 'scansup.c',
  line: '99',
  routine: 'truncate_identifier'
}
{
  severity_local: 'NOTICE',
  severity: 'NOTICE',
  code: '42622',
  message: 'identifier "lukas_drawing_structure_block_compound_valid_pre_p2_contract_hardening" will be truncated to "lukas_drawing_structure_block_compound_valid_pre_p2_contract_ha"',
  file: 'scansup.c',
  line: '99',
  routine: 'truncate_identifier'
}
{
  severity_local: 'NOTICE',
  severity: 'NOTICE',
  code: '00000',
  message: 'policy "workspace editors delete draft drawing layers" for relation "public.lukas_drawing_layers" does not exist, skipping',
  file: 'dropcmds.c',
  line: '523',
  routine: 'does_not_exist_skipping'
}
{
  severity_local: 'NOTICE',
  severity: 'NOTICE',
  code: '42622',
  message: 'identifier "lukas_drawing_structure_block_compound_valid_pre_p2_contract_hardening" will be truncated to "lukas_drawing_structure_block_compound_valid_pre_p2_contract_ha"',
  where: 'compilation of PL/pgSQL function "lukas_drawing_structure_block_compound_valid" near line 6',
  file: 'scansup.c',
  line: '99',
  routine: 'truncate_identifier'
}
{
  severity_local: 'NOTICE',
  severity: 'NOTICE',
  code: '42622',
  message: 'identifier "lukas_drawing_structure_block_compound_valid_pre_p2_contract_hardening" will be truncated to "lukas_drawing_structure_block_compound_valid_pre_p2_contract_ha"',
  position: '4877',
  file: 'scansup.c',
  line: '99',
  routine: 'truncate_identifier'
}
{
  severity_local: 'NOTICE',
  severity: 'NOTICE',
  code: '00000',
  message: 'trigger "lukas_drawing_tables_domain_guard" for relation "public.lukas_drawing_tables" does not exist, skipping',
  file: 'dropcmds.c',
  line: '523',
  routine: 'does_not_exist_skipping'
}
{
  severity_local: 'NOTICE',
  severity: 'NOTICE',
  code: '00000',
  message: 'trigger "lukas_drawing_documents_clone_source_clear" for relation "public.lukas_drawing_documents" does not exist, skipping',
  file: 'dropcmds.c',
  line: '523',
  routine: 'does_not_exist_skipping'
}
{
  severity_local: 'NOTICE',
  severity: 'NOTICE',
  code: '00000',
  message: 'trigger "lukas_drawing_block_instance_lineage_guard" for relation "public.lukas_drawing_block_instances" does not exist, skipping',
  file: 'dropcmds.c',
  line: '523',
  routine: 'does_not_exist_skipping'
}
{
  severity_local: 'NOTICE',
  severity: 'NOTICE',
  code: '00000',
  message: 'trigger "aaa_lukas_drawing_snapshot_lineage_writer" for relation "public.lukas_drawing_snapshots" does not exist, skipping',
  file: 'dropcmds.c',
  line: '523',
  routine: 'does_not_exist_skipping'
}
{
  severity_local: 'NOTICE',
  severity: 'NOTICE',
  code: '00000',
  message: 'trigger "lukas_drawing_clone_binding_guard" for relation "public.lukas_drawing_documents" does not exist, skipping',
  file: 'dropcmds.c',
  line: '523',
  routine: 'does_not_exist_skipping'
}
{
  severity_local: 'NOTICE',
  severity: 'NOTICE',
  code: '00000',
  message: 'trigger "lukas_drawing_template_clone_ledger_append_guard" for relation "private.lukas_drawing_template_clone_requests" does not exist, skipping',
  file: 'dropcmds.c',
  line: '523',
  routine: 'does_not_exist_skipping'
}
{
  severity_local: 'NOTICE',
  severity: 'NOTICE',
  code: '42622',
  message: 'identifier "lukas_drawing_apply_operation_pre_checkpoint_reference_authority" will be truncated to "lukas_drawing_apply_operation_pre_checkpoint_reference_authorit"',
  file: 'scansup.c',
  line: '99',
  routine: 'truncate_identifier'
}
{
  severity_local: 'NOTICE',
  severity: 'NOTICE',
  code: '42622',
  message: 'identifier "lukas_drawing_apply_operation_pre_checkpoint_reference_authority" will be truncated to "lukas_drawing_apply_operation_pre_checkpoint_reference_authorit"',
  file: 'scansup.c',
  line: '99',
  routine: 'truncate_identifier'
}
{
  severity_local: 'NOTICE',
  severity: 'NOTICE',
  code: '42622',
  message: 'identifier "lukas_drawing_apply_operation_pre_checkpoint_reference_authority" will be truncated to "lukas_drawing_apply_operation_pre_checkpoint_reference_authorit"',
  where: 'compilation of PL/pgSQL function "lukas_drawing_apply_operation" near line 6',
  file: 'scansup.c',
  line: '99',
  routine: 'truncate_identifier'
}
{
  severity_local: 'NOTICE',
  severity: 'NOTICE',
  code: '42622',
  message: 'identifier "lukas_drawing_apply_operation_pre_checkpoint_reference_authority" will be truncated to "lukas_drawing_apply_operation_pre_checkpoint_reference_authorit"',
  position: '3714',
  file: 'scansup.c',
  line: '99',
  routine: 'truncate_identifier'
}
{
  severity_local: 'NOTICE',
  severity: 'NOTICE',
  code: '42622',
  message: 'identifier "lukas_drawing_apply_operation_pre_checkpoint_reference_authority" will be truncated to "lukas_drawing_apply_operation_pre_checkpoint_reference_authorit"',
  where: 'compilation of PL/pgSQL function "lukas_drawing_apply_operation" near line 8',
  file: 'scansup.c',
  line: '99',
  routine: 'truncate_identifier'
}
{
  severity_local: 'NOTICE',
  severity: 'NOTICE',
  code: '42622',
  message: 'identifier "lukas_drawing_apply_operation_pre_checkpoint_reference_authority" will be truncated to "lukas_drawing_apply_operation_pre_checkpoint_reference_authorit"',
  position: '4118',
  file: 'scansup.c',
  line: '99',
  routine: 'truncate_identifier'
}
{
  severity_local: 'NOTICE',
  severity: 'NOTICE',
  code: '42622',
  message: 'identifier "lukas_drawing_apply_operation_pre_checkpoint_reference_authority" will be truncated to "lukas_drawing_apply_operation_pre_checkpoint_reference_authorit"',
  where: 'compilation of PL/pgSQL function "lukas_drawing_apply_operation" near line 136',
  file: 'scansup.c',
  line: '99',
  routine: 'truncate_identifier'
}
{
  severity_local: 'NOTICE',
  severity: 'NOTICE',
  code: '42622',
  message: 'identifier "lukas_drawing_apply_operation_pre_checkpoint_reference_authority" will be truncated to "lukas_drawing_apply_operation_pre_checkpoint_reference_authorit"',
  position: '9893',
  file: 'scansup.c',
  line: '99',
  routine: 'truncate_identifier'
}
{
  severity_local: 'NOTICE',
  severity: 'NOTICE',
  code: '00000',
  message: 'constraint "lukas_drawing_pages_name_contract" of relation "lukas_drawing_pages" does not exist, skipping',
  file: 'tablecmds.c',
  line: '12655',
  routine: 'ATExecDropConstraint'
}
{
  severity_local: 'NOTICE',
  severity: 'NOTICE',
  code: '00000',
  message: 'constraint "lukas_drawing_canvases_name_contract" of relation "lukas_drawing_canvases" does not exist, skipping',
  file: 'tablecmds.c',
  line: '12655',
  routine: 'ATExecDropConstraint'
}
{
  severity_local: 'NOTICE',
  severity: 'NOTICE',
  code: '00000',
  message: 'constraint "lukas_drawing_styles_name_contract" of relation "lukas_drawing_styles" does not exist, skipping',
  file: 'tablecmds.c',
  line: '12655',
  routine: 'ATExecDropConstraint'
}
{
  severity_local: 'NOTICE',
  severity: 'NOTICE',
  code: '00000',
  message: 'constraint "lukas_drawing_blocks_name_contract" of relation "lukas_drawing_blocks" does not exist, skipping',
  file: 'tablecmds.c',
  line: '12655',
  routine: 'ATExecDropConstraint'
}
{
  severity_local: 'NOTICE',
  severity: 'NOTICE',
  code: '00000',
  message: 'constraint "lukas_drawing_blocks_primitive_names_contract" of relation "lukas_drawing_blocks" does not exist, skipping',
  file: 'tablecmds.c',
  line: '12655',
  routine: 'ATExecDropConstraint'
}
{
  severity_local: 'NOTICE',
  severity: 'NOTICE',
  code: '00000',
  message: 'constraint "lukas_drawing_block_instances_name_contract" of relation "lukas_drawing_block_instances" does not exist, skipping',
  file: 'tablecmds.c',
  line: '12655',
  routine: 'ATExecDropConstraint'
}
{
  severity_local: 'NOTICE',
  severity: 'NOTICE',
  code: '00000',
  message: 'constraint "lukas_drawing_property_schemas_name_contract" of relation "lukas_drawing_property_schemas" does not exist, skipping',
  file: 'tablecmds.c',
  line: '12655',
  routine: 'ATExecDropConstraint'
}
{
  severity_local: 'NOTICE',
  severity: 'NOTICE',
  code: '00000',
  message: 'constraint "lukas_drawing_property_schemas_enum_option_names_contract" of relation "lukas_drawing_property_schemas" does not exist, skipping',
  file: 'tablecmds.c',
  line: '12655',
  routine: 'ATExecDropConstraint'
}
{
  severity_local: 'NOTICE',
  severity: 'NOTICE',
  code: '00000',
  message: 'constraint "lukas_drawing_tables_name_contract" of relation "lukas_drawing_tables" does not exist, skipping',
  file: 'tablecmds.c',
  line: '12655',
  routine: 'ATExecDropConstraint'
}
{
  severity_local: 'NOTICE',
  severity: 'NOTICE',
  code: '00000',
  message: 'constraint "lukas_drawing_tables_column_names_contract" of relation "lukas_drawing_tables" does not exist, skipping',
  file: 'tablecmds.c',
  line: '12655',
  routine: 'ATExecDropConstraint'
}
{
  severity_local: 'NOTICE',
  severity: 'NOTICE',
  code: '42622',
  message: 'identifier "lukas_drawing_apply_operation_pre_checkpoint_reference_authority" will be truncated to "lukas_drawing_apply_operation_pre_checkpoint_reference_authorit"',
  where: 'compilation of PL/pgSQL function "lukas_drawing_apply_operation_pre_p4_semantic_objects" near line 202',
  file: 'scansup.c',
  line: '99',
  routine: 'truncate_identifier'
}
{
  severity_local: 'NOTICE',
  severity: 'NOTICE',
  code: '42622',
  message: 'identifier "lukas_drawing_apply_operation_pre_checkpoint_reference_authority" will be truncated to "lukas_drawing_apply_operation_pre_checkpoint_reference_authorit"',
  position: '57847',
  file: 'scansup.c',
  line: '99',
  routine: 'truncate_identifier'
}
{
  severity_local: 'NOTICE',
  severity: 'NOTICE',
  code: '00000',
  message: 'policy "lukas qto owners manage projects" for relation "public.lukas_qto_projects" does not exist, skipping',
  file: 'dropcmds.c',
  line: '523',
  routine: 'does_not_exist_skipping'
}
{
  severity_local: 'NOTICE',
  severity: 'NOTICE',
  code: '00000',
  message: 'policy "verified qto source uploads reject authenticated delete" for relation "storage.objects" does not exist, skipping',
  file: 'dropcmds.c',
  line: '523',
  routine: 'does_not_exist_skipping'
}
{
  severity_local: 'NOTICE',
  severity: 'NOTICE',
  code: '00000',
  message: 'policy "verified qto source uploads reject authenticated update" for relation "storage.objects" does not exist, skipping',
  file: 'dropcmds.c',
  line: '523',
  routine: 'does_not_exist_skipping'
}
{
  severity_local: 'NOTICE',
  severity: 'NOTICE',
  code: '00000',
  message: 'policy "verified source metadata requires service finalizer" for relation "public.lukas_qto_files" does not exist, skipping',
  file: 'dropcmds.c',
  line: '523',
  routine: 'does_not_exist_skipping'
}
{
  severity_local: 'NOTICE',
  severity: 'NOTICE',
  code: '00000',
  message: 'role "postgres" has already been granted membership in role "lukas_drawing_collaboration" by role "postgres"',
  where: 'SQL statement "grant lukas_drawing_collaboration to postgres with inherit false, set true"\n' +
    'PL/pgSQL function inline_code_block line 4 at EXECUTE',
  file: 'user.c',
  line: '1888',
  routine: 'AddRoleMems'
}
{
  severity_local: 'NOTICE',
  severity: 'NOTICE',
  code: '00000',
  message: 'constraint "lukas_qto_export_events_drawing_lineage_check" of relation "lukas_qto_export_events" does not exist, skipping',
  file: 'tablecmds.c',
  line: '12655',
  routine: 'ATExecDropConstraint'
}
{
  severity_local: 'NOTICE',
  severity: 'NOTICE',
  code: '00000',
  message: 'constraint "lukas_drawing_revisions_parent_not_self_check" of relation "lukas_drawing_revisions" does not exist, skipping',
  file: 'tablecmds.c',
  line: '12655',
  routine: 'ATExecDropConstraint'
}
{
  severity_local: 'NOTICE',
  severity: 'NOTICE',
  code: '00000',
  message: 'trigger "lukas_drawing_operations_touch_revision" for relation "public.lukas_drawing_operations" does not exist, skipping',
  file: 'dropcmds.c',
  line: '523',
  routine: 'does_not_exist_skipping'
}
{
  severity_local: 'NOTICE',
  severity: 'NOTICE',
  code: '42622',
  message: 'identifier "lukas_drawing_apply_operation_pre_checkpoint_reference_authority" will be truncated to "lukas_drawing_apply_operation_pre_checkpoint_reference_authorit"',
  where: 'compilation of PL/pgSQL function "lukas_drawing_apply_operation_pre_p4_semantic_objects" near line 226',
  file: 'scansup.c',
  line: '99',
  routine: 'truncate_identifier'
}
{
  severity_local: 'NOTICE',
  severity: 'NOTICE',
  code: '42622',
  message: 'identifier "lukas_drawing_apply_operation_pre_checkpoint_reference_authority" will be truncated to "lukas_drawing_apply_operation_pre_checkpoint_reference_authorit"',
  position: '128245',
  file: 'scansup.c',
  line: '99',
  routine: 'truncate_identifier'
}
{
  severity_local: 'NOTICE',
  severity: 'NOTICE',
  code: '00000',
  message: 'policy "material manifest upload authority" for relation "storage.objects" does not exist, skipping',
  file: 'dropcmds.c',
  line: '523',
  routine: 'does_not_exist_skipping'
}
{
  severity_local: 'NOTICE',
  severity: 'NOTICE',
  code: '00000',
  message: 'policy "material manifest metadata insert authority" for relation "public.lukas_qto_files" does not exist, skipping',
  file: 'dropcmds.c',
  line: '523',
  routine: 'does_not_exist_skipping'
}
{
  severity_local: 'NOTICE',
  severity: 'NOTICE',
  code: '00000',
  message: 'policy "material evidence uploaders delete unreferenced files" for relation "public.lukas_qto_files" does not exist, skipping',
  file: 'dropcmds.c',
  line: '523',
  routine: 'does_not_exist_skipping'
}
{
  severity_local: 'NOTICE',
  severity: 'NOTICE',
  code: '00000',
  message: 'policy "material evidence metadata delete authority" for relation "public.lukas_qto_files" does not exist, skipping',
  file: 'dropcmds.c',
  line: '523',
  routine: 'does_not_exist_skipping'
}
{
  severity_local: 'NOTICE',
  severity: 'NOTICE',
  code: '00000',
  message: 'policy "material authority rejects authenticated delete" for relation "storage.objects" does not exist, skipping',
  file: 'dropcmds.c',
  line: '523',
  routine: 'does_not_exist_skipping'
}
{
  severity_local: 'NOTICE',
  severity: 'NOTICE',
  code: '00000',
  message: 'policy "material authority rejects authenticated update" for relation "storage.objects" does not exist, skipping',
  file: 'dropcmds.c',
  line: '523',
  routine: 'does_not_exist_skipping'
}
{
  severity_local: 'NOTICE',
  severity: 'NOTICE',
  code: '00000',
  message: 'trigger "lukas_qto_material_transactions_write_quota" for relation "public.lukas_qto_material_transactions" does not exist, skipping',
  file: 'dropcmds.c',
  line: '523',
  routine: 'does_not_exist_skipping'
}
{
  severity_local: 'NOTICE',
  severity: 'NOTICE',
  code: '00000',
  message: 'policy "source uploads require project editor authority" for relation "storage.objects" does not exist, skipping',
  file: 'dropcmds.c',
  line: '523',
  routine: 'does_not_exist_skipping'
}
{
  severity_local: 'NOTICE',
  severity: 'NOTICE',
  code: '42622',
  message: 'identifier "lukas_drawing_apply_operation_pre_checkpoint_reference_authority" will be truncated to "lukas_drawing_apply_operation_pre_checkpoint_reference_authorit"',
  where: 'compilation of PL/pgSQL function "lukas_drawing_apply_operation_pre_p4_semantic_objects" near line 226\n' +
    'SQL statement "CREATE OR REPLACE FUNCTION private.lukas_drawing_apply_operation_pre_p4_semantic_objects(p_revision_id uuid, p_client_operation_id uuid, p_operation_type text, p_base_versions jsonb, p_forward jsonb, p_inverse jsonb, p_history_action text, p_original_operation_id uuid)\n' +
    ' RETURNS jsonb\n' +
    ' LANGUAGE plpgsql\n' +
    ' SECURITY DEFINER\n' +
    " SET search_path TO ''\n" +
    'AS $function$\n' +
    'declare\n' +
    '  v_actor uuid:=(select auth.uid());\n' +
    '  v_revision public.lukas_drawing_revisions%rowtype;\n' +
    '  v_snapshot public.lukas_drawing_snapshots%rowtype;\n' +
    '  v_existing public.lukas_drawing_operations%rowtype;\n' +
    '  v_issue jsonb; v_action jsonb; v_identity jsonb; v_result jsonb;\n' +
    '  v_sources jsonb; v_inverse_sources jsonb; v_core jsonb; v_inverse_core jsonb;\n' +
    '  v_plan jsonb; v_core_bases jsonb; v_results jsonb; v_live_sources jsonb;\n' +
    '  v_snapshot_sources jsonb; v_target_sources jsonb; v_live_issues jsonb;\n' +
    '  v_source_ids text[];\n' +
    '  v_operation_id uuid; v_sequence bigint;\n' +
    'begin\n' +
    "  if p_operation_type<>'restore_checkpoint' then\n" +
    '    return private.lukas_drawing_apply_operation_pre_p5_checkpoint_sources(\n' +
    '      p_revision_id,p_client_operation_id,p_operation_type,p_base_versions,\n' +
    '      p_forward,p_inverse,p_history_action,p_original_operation_id\n' +
    '    );\n' +
    '  end if;\n' +
    '  select s.* into v_snapshot from public.lukas_drawing_snapshots s\n' +
    "  where s.id=(p_forward->>'checkpointId')::uuid\n" +
    '    and s.revision_id=p_revision_id for share;\n' +
    '  if not found or not (\n' +
    '    exists(\n' +
    '      select 1 from pg_catalog.jsonb_array_elements(\n' +
    "        v_snapshot.canonical_json->'sources'\n" +
    "      ) s where s ? 'revisionId'\n" +
    '    )\n' +
    '    or exists(\n' +
    "      select 1 from pg_catalog.jsonb_array_elements(p_forward->'actions') a\n" +
    "      where a->>'kind' in('put_source','delete_source')\n" +
    '    )\n' +
    '  ) then\n' +
    '    return private.lukas_drawing_apply_operation_pre_p5_checkpoint_sources(\n' +
    '      p_revision_id,p_client_operation_id,p_operation_type,p_base_versions,\n' +
    '      p_forward,p_inverse,p_history_action,p_original_operation_id\n' +
    '    );\n' +
    '  end if;\n' +
    '  select o.* into v_existing from public.lukas_drawing_operations o\n' +
    '  where o.revision_id=p_revision_id\n' +
    '    and o.client_operation_id=p_client_operation_id;\n' +
    '  if found then\n' +
    '    if v_existing.actor_id is distinct from v_actor\n' +
    '      or v_existing.operation_type is distinct from p_operation_type\n' +
    '      or v_existing.base_versions is distinct from p_base_versions\n' +
    '      or v_existing.forward is distinct from p_forward\n' +
    '      or v_existing.inverse is distinct from p_inverse\n' +
    '      or v_existing.history_action is distinct from p_history_action\n' +
    '      or v_existing.original_operation_id is distinct from p_original_operation_id\n' +
    "    then raise exception using errcode='P1C01',\n" +
    "      message='Drawing operation idempotency key does not match the stored request';\n" +
    '    end if;\n' +
    '    return pg_catalog.jsonb_build_object(\n' +
    "      'operationId',v_existing.id,'sequence',v_existing.sequence,\n" +
    "      'resultVersions',v_existing.result_versions\n" +
    '    );\n' +
    '  end if;\n' +
    '  select r.* into v_revision from public.lukas_drawing_revisions r\n' +
    "  where r.id=p_revision_id and r.status='draft'\n" +
    '    and private.lukas_drawing_workspace_capability(r.project_id)\n' +
    "      in('admin','editor')\n" +
    '  for update;\n' +
    '  if not found or v_snapshot.schema_version<>2\n' +
    '    or v_snapshot.sha256 is distinct from pg_catalog.encode(\n' +
    '      extensions.digest(pg_catalog.convert_to(\n' +
    "        v_snapshot.canonical_json::text,'UTF8'),'sha256'),'hex'\n" +
    '    )\n' +
    "  then raise exception using errcode='P1C01',\n" +
    "    message='Drawing checkpoint reference target is invalid'; end if;\n" +
    '  v_snapshot_sources:=private.lukas_drawing_p5_checkpoint_sources(\n' +
    "    v_snapshot.canonical_json->'sources',p_revision_id\n" +
    '  );\n' +
    '  if exists(\n' +
    '    select 1 from pg_catalog.jsonb_array_elements(v_snapshot_sources) s\n' +
    '    where private.lukas_drawing_structure_action_valid(\n' +
    '      pg_catalog.jsonb_build_object(\n' +
    "        'kind','put_source','entity',s,'baseVersion',null\n" +
    '      ),p_revision_id\n' +
    '    ) is not true\n' +
    '      or not exists(\n' +
    '        select 1 from pg_catalog.jsonb_array_elements(\n' +
    "          v_snapshot.canonical_json->'objects'\n" +
    "        ) o where o->>'id'=s->>'objectId'\n" +
    '      )\n' +
    '      or not exists(\n' +
    '        select 1 from public.lukas_qto_files f\n' +
    "        where f.id=(s->>'sourceFileId')::uuid\n" +
    '          and f.project_id=v_revision.project_id\n' +
    "          and f.sha256=s->>'sourceSha256' and f.immutable\n" +
    '          and (\n' +
    "            s->>'sourceKind'='pdf_region' and f.kind='pdf'\n" +
    "            or s->>'sourceKind'='ifc_element' and f.kind='ifc'\n" +
    "            or s->>'sourceKind'='dxf_entity' and f.kind='dxf' or s->>'sourceKind'='dwg_entity' and f.kind='dwg'\n" +
    '          )\n' +
    '      )\n' +
    '  ) or exists(\n' +
    '    select 1 from pg_catalog.jsonb_array_elements(v_snapshot_sources) s\n' +
    "    group by s->>'objectId',s->>'sourceFileId',s->>'sourceKind'\n" +
    '    having pg_catalog.count(*)>1\n' +
    '  ) or exists(\n' +
    '    select 1 from pg_catalog.jsonb_array_elements(\n' +
    "      v_snapshot.canonical_json->'issues'\n" +
    '    ) i\n' +
    "    where not (i ?& array['id','objectId'])\n" +
    "      or i-array['id','objectId']<>'{}'::jsonb\n" +
    '      or not exists(\n' +
    '        select 1 from pg_catalog.jsonb_array_elements(\n' +
    "          v_snapshot.canonical_json->'objects'\n" +
    "        ) o where o->>'id'=i->>'objectId'\n" +
    '      )\n' +
    '      or not exists(\n' +
    '        select 1 from public.lukas_drawing_issues x\n' +
    "        where x.id=(i->>'id')::uuid and x.project_id=v_revision.project_id\n" +
    '      )\n' +
    '  ) or exists(\n' +
    '    select 1 from pg_catalog.jsonb_array_elements(\n' +
    "      v_snapshot.canonical_json->'issues'\n" +
    "    ) i group by i->>'id',i->>'objectId' having pg_catalog.count(*)>1\n" +
    "  ) then raise exception using errcode='P1C01',\n" +
    "    message='Drawing checkpoint source graph is invalid'; end if;\n" +
    '\n' +
    '  select coalesce(\n' +
    "    pg_catalog.jsonb_agg(a.value order by a.ordinality),'[]'::jsonb\n" +
    '  ) into v_sources\n' +
    "  from pg_catalog.jsonb_array_elements(p_forward->'actions')\n" +
    '    with ordinality a(value,ordinality)\n' +
    "  where a.value->>'kind' in('put_source','delete_source');\n" +
    '  select coalesce(\n' +
    "    pg_catalog.jsonb_agg(a.value order by a.ordinality),'[]'::jsonb\n" +
    '  ) into v_inverse_sources\n' +
    "  from pg_catalog.jsonb_array_elements(p_inverse->'actions')\n" +
    '    with ordinality a(value,ordinality)\n' +
    "  where a.value->>'kind' in('put_source','delete_source');\n" +
    '  v_plan:=private.lukas_drawing_validate_source_actions(\n' +
    '    p_revision_id,v_revision.project_id,v_sources,v_inverse_sources\n' +
    '  );\n' +
    '  select pg_catalog.array_agg(key) into v_source_ids\n' +
    "  from pg_catalog.jsonb_object_keys(v_plan->'results') key;\n" +
    '  v_core_bases:=p_base_versions-coalesce(v_source_ids,array[]::text[]);\n' +
    "  if p_base_versions is distinct from v_core_bases||(v_plan->'bases') then\n" +
    "    raise exception using errcode='P1C01',\n" +
    "      message='Drawing checkpoint source base versions are incomplete';\n" +
    '  end if;\n' +
    "  select pg_catalog.jsonb_set(p_forward,'{actions}',coalesce(\n" +
    '    pg_catalog.jsonb_agg(a.value order by a.ordinality)\n' +
    "      filter(where a.value->>'kind' not in('put_source','delete_source')),\n" +
    "    '[]'::jsonb),false) into v_core\n" +
    "  from pg_catalog.jsonb_array_elements(p_forward->'actions')\n" +
    '    with ordinality a(value,ordinality);\n' +
    "  select pg_catalog.jsonb_set(p_inverse,'{actions}',coalesce(\n" +
    '    pg_catalog.jsonb_agg(a.value order by a.ordinality)\n' +
    "      filter(where a.value->>'kind' not in('put_source','delete_source')),\n" +
    "    '[]'::jsonb),false) into v_inverse_core\n" +
    "  from pg_catalog.jsonb_array_elements(p_inverse->'actions')\n" +
    '    with ordinality a(value,ordinality);\n' +
    '\n' +
    '  insert into private.lukas_drawing_checkpoint_reference_targets(\n' +
    '    transaction_id,actor_id,revision_id,snapshot_id,sources,issues\n' +
    '  ) values(\n' +
    '    pg_catalog.txid_current(),v_actor,p_revision_id,v_snapshot.id,\n' +
    "    v_snapshot_sources,v_snapshot.canonical_json->'issues'\n" +
    '  );\n' +
    '  insert into private.lukas_drawing_checkpoint_issue_delete_leases(\n' +
    '    transaction_id,actor_id,revision_id,link_id\n' +
    '  ) select pg_catalog.txid_current(),v_actor,p_revision_id,l.id\n' +
    '    from public.lukas_drawing_object_issue_links l\n' +
    '    where l.revision_id=p_revision_id and not exists(\n' +
    '      select 1 from pg_catalog.jsonb_array_elements(\n' +
    "        v_snapshot.canonical_json->'issues'\n" +
    "      ) i where i->>'id'=l.issue_id::text and i->>'objectId'=l.object_id::text\n" +
    '    );\n' +
    '  insert into private.lukas_drawing_checkpoint_reference_history(\n' +
    '    revision_id,project_id,snapshot_id,client_operation_id,actor_id,\n' +
    '    link_kind,action,link_identity\n' +
    '  ) select p_revision_id,v_revision.project_id,v_snapshot.id,\n' +
    "      p_client_operation_id,v_actor,'issue','delete',pg_catalog.to_jsonb(l)\n" +
    '    from public.lukas_drawing_object_issue_links l\n' +
    '    join private.lukas_drawing_checkpoint_issue_delete_leases x\n' +
    '      on x.transaction_id=pg_catalog.txid_current() and x.actor_id=v_actor\n' +
    '      and x.revision_id=p_revision_id and x.link_id=l.id;\n' +
    '  delete from public.lukas_drawing_object_issue_links l\n' +
    '  using private.lukas_drawing_checkpoint_issue_delete_leases x\n' +
    '  where x.transaction_id=pg_catalog.txid_current() and x.actor_id=v_actor\n' +
    '    and x.revision_id=p_revision_id and x.link_id=l.id;\n' +
    '\n' +
    '  for v_action in\n' +
    "    select value from pg_catalog.jsonb_array_elements(p_forward->'actions')\n" +
    '  loop\n' +
    "    if v_action->>'kind' in('put_source','delete_source') then\n" +
    "      v_identity:=case when v_action->>'kind'='put_source'\n" +
    "        then v_action->'entity'\n" +
    '        else private.lukas_drawing_source_json(\n' +
    "          (v_action->>'id')::uuid,p_revision_id,v_revision.project_id,true\n" +
    '        ) end;\n' +
    '      insert into private.lukas_drawing_checkpoint_reference_history(\n' +
    '        revision_id,project_id,snapshot_id,client_operation_id,actor_id,\n' +
    '        link_kind,action,link_identity\n' +
    '      ) values(\n' +
    '        p_revision_id,v_revision.project_id,v_snapshot.id,\n' +
    "        p_client_operation_id,v_actor,'source',\n" +
    "        case when v_action->>'kind'='put_source' then 'restore'\n" +
    "          else 'delete' end,\n" +
    '        v_identity\n' +
    '      );\n' +
    '    end if;\n' +
    '  end loop;\n' +
    '\n' +
    "  if pg_catalog.jsonb_array_length(v_core->'actions')=0 then\n" +
    '    select coalesce(pg_catalog.max(o.sequence),0)+1 into v_sequence\n' +
    '    from public.lukas_drawing_operations o where o.revision_id=p_revision_id;\n' +
    '    v_operation_id:=ext'... 3964 more characters,
  file: 'scansup.c',
  line: '99',
  routine: 'truncate_identifier'
}
{
  severity_local: 'NOTICE',
  severity: 'NOTICE',
  code: '42622',
  message: 'identifier "lukas_drawing_apply_operation_pre_checkpoint_reference_authority" will be truncated to "lukas_drawing_apply_operation_pre_checkpoint_reference_authorit"',
  where: 'SQL statement "CREATE OR REPLACE FUNCTION private.lukas_drawing_apply_operation_pre_p4_semantic_objects(p_revision_id uuid, p_client_operation_id uuid, p_operation_type text, p_base_versions jsonb, p_forward jsonb, p_inverse jsonb, p_history_action text, p_original_operation_id uuid)\n' +
    ' RETURNS jsonb\n' +
    ' LANGUAGE plpgsql\n' +
    ' SECURITY DEFINER\n' +
    " SET search_path TO ''\n" +
    'AS $function$\n' +
    'declare\n' +
    '  v_actor uuid:=(select auth.uid());\n' +
    '  v_revision public.lukas_drawing_revisions%rowtype;\n' +
    '  v_snapshot public.lukas_drawing_snapshots%rowtype;\n' +
    '  v_existing public.lukas_drawing_operations%rowtype;\n' +
    '  v_issue jsonb; v_action jsonb; v_identity jsonb; v_result jsonb;\n' +
    '  v_sources jsonb; v_inverse_sources jsonb; v_core jsonb; v_inverse_core jsonb;\n' +
    '  v_plan jsonb; v_core_bases jsonb; v_results jsonb; v_live_sources jsonb;\n' +
    '  v_snapshot_sources jsonb; v_target_sources jsonb; v_live_issues jsonb;\n' +
    '  v_source_ids text[];\n' +
    '  v_operation_id uuid; v_sequence bigint;\n' +
    'begin\n' +
    "  if p_operation_type<>'restore_checkpoint' then\n" +
    '    return private.lukas_drawing_apply_operation_pre_p5_checkpoint_sources(\n' +
    '      p_revision_id,p_client_operation_id,p_operation_type,p_base_versions,\n' +
    '      p_forward,p_inverse,p_history_action,p_original_operation_id\n' +
    '    );\n' +
    '  end if;\n' +
    '  select s.* into v_snapshot from public.lukas_drawing_snapshots s\n' +
    "  where s.id=(p_forward->>'checkpointId')::uuid\n" +
    '    and s.revision_id=p_revision_id for share;\n' +
    '  if not found or not (\n' +
    '    exists(\n' +
    '      select 1 from pg_catalog.jsonb_array_elements(\n' +
    "        v_snapshot.canonical_json->'sources'\n" +
    "      ) s where s ? 'revisionId'\n" +
    '    )\n' +
    '    or exists(\n' +
    "      select 1 from pg_catalog.jsonb_array_elements(p_forward->'actions') a\n" +
    "      where a->>'kind' in('put_source','delete_source')\n" +
    '    )\n' +
    '  ) then\n' +
    '    return private.lukas_drawing_apply_operation_pre_p5_checkpoint_sources(\n' +
    '      p_revision_id,p_client_operation_id,p_operation_type,p_base_versions,\n' +
    '      p_forward,p_inverse,p_history_action,p_original_operation_id\n' +
    '    );\n' +
    '  end if;\n' +
    '  select o.* into v_existing from public.lukas_drawing_operations o\n' +
    '  where o.revision_id=p_revision_id\n' +
    '    and o.client_operation_id=p_client_operation_id;\n' +
    '  if found then\n' +
    '    if v_existing.actor_id is distinct from v_actor\n' +
    '      or v_existing.operation_type is distinct from p_operation_type\n' +
    '      or v_existing.base_versions is distinct from p_base_versions\n' +
    '      or v_existing.forward is distinct from p_forward\n' +
    '      or v_existing.inverse is distinct from p_inverse\n' +
    '      or v_existing.history_action is distinct from p_history_action\n' +
    '      or v_existing.original_operation_id is distinct from p_original_operation_id\n' +
    "    then raise exception using errcode='P1C01',\n" +
    "      message='Drawing operation idempotency key does not match the stored request';\n" +
    '    end if;\n' +
    '    return pg_catalog.jsonb_build_object(\n' +
    "      'operationId',v_existing.id,'sequence',v_existing.sequence,\n" +
    "      'resultVersions',v_existing.result_versions\n" +
    '    );\n' +
    '  end if;\n' +
    '  select r.* into v_revision from public.lukas_drawing_revisions r\n' +
    "  where r.id=p_revision_id and r.status='draft'\n" +
    '    and private.lukas_drawing_workspace_capability(r.project_id)\n' +
    "      in('admin','editor')\n" +
    '  for update;\n' +
    '  if not found or v_snapshot.schema_version<>2\n' +
    '    or v_snapshot.sha256 is distinct from pg_catalog.encode(\n' +
    '      extensions.digest(pg_catalog.convert_to(\n' +
    "        v_snapshot.canonical_json::text,'UTF8'),'sha256'),'hex'\n" +
    '    )\n' +
    "  then raise exception using errcode='P1C01',\n" +
    "    message='Drawing checkpoint reference target is invalid'; end if;\n" +
    '  v_snapshot_sources:=private.lukas_drawing_p5_checkpoint_sources(\n' +
    "    v_snapshot.canonical_json->'sources',p_revision_id\n" +
    '  );\n' +
    '  if exists(\n' +
    '    select 1 from pg_catalog.jsonb_array_elements(v_snapshot_sources) s\n' +
    '    where private.lukas_drawing_structure_action_valid(\n' +
    '      pg_catalog.jsonb_build_object(\n' +
    "        'kind','put_source','entity',s,'baseVersion',null\n" +
    '      ),p_revision_id\n' +
    '    ) is not true\n' +
    '      or not exists(\n' +
    '        select 1 from pg_catalog.jsonb_array_elements(\n' +
    "          v_snapshot.canonical_json->'objects'\n" +
    "        ) o where o->>'id'=s->>'objectId'\n" +
    '      )\n' +
    '      or not exists(\n' +
    '        select 1 from public.lukas_qto_files f\n' +
    "        where f.id=(s->>'sourceFileId')::uuid\n" +
    '          and f.project_id=v_revision.project_id\n' +
    "          and f.sha256=s->>'sourceSha256' and f.immutable\n" +
    '          and (\n' +
    "            s->>'sourceKind'='pdf_region' and f.kind='pdf'\n" +
    "            or s->>'sourceKind'='ifc_element' and f.kind='ifc'\n" +
    "            or s->>'sourceKind'='dxf_entity' and f.kind='dxf' or s->>'sourceKind'='dwg_entity' and f.kind='dwg'\n" +
    '          )\n' +
    '      )\n' +
    '  ) or exists(\n' +
    '    select 1 from pg_catalog.jsonb_array_elements(v_snapshot_sources) s\n' +
    "    group by s->>'objectId',s->>'sourceFileId',s->>'sourceKind'\n" +
    '    having pg_catalog.count(*)>1\n' +
    '  ) or exists(\n' +
    '    select 1 from pg_catalog.jsonb_array_elements(\n' +
    "      v_snapshot.canonical_json->'issues'\n" +
    '    ) i\n' +
    "    where not (i ?& array['id','objectId'])\n" +
    "      or i-array['id','objectId']<>'{}'::jsonb\n" +
    '      or not exists(\n' +
    '        select 1 from pg_catalog.jsonb_array_elements(\n' +
    "          v_snapshot.canonical_json->'objects'\n" +
    "        ) o where o->>'id'=i->>'objectId'\n" +
    '      )\n' +
    '      or not exists(\n' +
    '        select 1 from public.lukas_drawing_issues x\n' +
    "        where x.id=(i->>'id')::uuid and x.project_id=v_revision.project_id\n" +
    '      )\n' +
    '  ) or exists(\n' +
    '    select 1 from pg_catalog.jsonb_array_elements(\n' +
    "      v_snapshot.canonical_json->'issues'\n" +
    "    ) i group by i->>'id',i->>'objectId' having pg_catalog.count(*)>1\n" +
    "  ) then raise exception using errcode='P1C01',\n" +
    "    message='Drawing checkpoint source graph is invalid'; end if;\n" +
    '\n' +
    '  select coalesce(\n' +
    "    pg_catalog.jsonb_agg(a.value order by a.ordinality),'[]'::jsonb\n" +
    '  ) into v_sources\n' +
    "  from pg_catalog.jsonb_array_elements(p_forward->'actions')\n" +
    '    with ordinality a(value,ordinality)\n' +
    "  where a.value->>'kind' in('put_source','delete_source');\n" +
    '  select coalesce(\n' +
    "    pg_catalog.jsonb_agg(a.value order by a.ordinality),'[]'::jsonb\n" +
    '  ) into v_inverse_sources\n' +
    "  from pg_catalog.jsonb_array_elements(p_inverse->'actions')\n" +
    '    with ordinality a(value,ordinality)\n' +
    "  where a.value->>'kind' in('put_source','delete_source');\n" +
    '  v_plan:=private.lukas_drawing_validate_source_actions(\n' +
    '    p_revision_id,v_revision.project_id,v_sources,v_inverse_sources\n' +
    '  );\n' +
    '  select pg_catalog.array_agg(key) into v_source_ids\n' +
    "  from pg_catalog.jsonb_object_keys(v_plan->'results') key;\n" +
    '  v_core_bases:=p_base_versions-coalesce(v_source_ids,array[]::text[]);\n' +
    "  if p_base_versions is distinct from v_core_bases||(v_plan->'bases') then\n" +
    "    raise exception using errcode='P1C01',\n" +
    "      message='Drawing checkpoint source base versions are incomplete';\n" +
    '  end if;\n' +
    "  select pg_catalog.jsonb_set(p_forward,'{actions}',coalesce(\n" +
    '    pg_catalog.jsonb_agg(a.value order by a.ordinality)\n' +
    "      filter(where a.value->>'kind' not in('put_source','delete_source')),\n" +
    "    '[]'::jsonb),false) into v_core\n" +
    "  from pg_catalog.jsonb_array_elements(p_forward->'actions')\n" +
    '    with ordinality a(value,ordinality);\n' +
    "  select pg_catalog.jsonb_set(p_inverse,'{actions}',coalesce(\n" +
    '    pg_catalog.jsonb_agg(a.value order by a.ordinality)\n' +
    "      filter(where a.value->>'kind' not in('put_source','delete_source')),\n" +
    "    '[]'::jsonb),false) into v_inverse_core\n" +
    "  from pg_catalog.jsonb_array_elements(p_inverse->'actions')\n" +
    '    with ordinality a(value,ordinality);\n' +
    '\n' +
    '  insert into private.lukas_drawing_checkpoint_reference_targets(\n' +
    '    transaction_id,actor_id,revision_id,snapshot_id,sources,issues\n' +
    '  ) values(\n' +
    '    pg_catalog.txid_current(),v_actor,p_revision_id,v_snapshot.id,\n' +
    "    v_snapshot_sources,v_snapshot.canonical_json->'issues'\n" +
    '  );\n' +
    '  insert into private.lukas_drawing_checkpoint_issue_delete_leases(\n' +
    '    transaction_id,actor_id,revision_id,link_id\n' +
    '  ) select pg_catalog.txid_current(),v_actor,p_revision_id,l.id\n' +
    '    from public.lukas_drawing_object_issue_links l\n' +
    '    where l.revision_id=p_revision_id and not exists(\n' +
    '      select 1 from pg_catalog.jsonb_array_elements(\n' +
    "        v_snapshot.canonical_json->'issues'\n" +
    "      ) i where i->>'id'=l.issue_id::text and i->>'objectId'=l.object_id::text\n" +
    '    );\n' +
    '  insert into private.lukas_drawing_checkpoint_reference_history(\n' +
    '    revision_id,project_id,snapshot_id,client_operation_id,actor_id,\n' +
    '    link_kind,action,link_identity\n' +
    '  ) select p_revision_id,v_revision.project_id,v_snapshot.id,\n' +
    "      p_client_operation_id,v_actor,'issue','delete',pg_catalog.to_jsonb(l)\n" +
    '    from public.lukas_drawing_object_issue_links l\n' +
    '    join private.lukas_drawing_checkpoint_issue_delete_leases x\n' +
    '      on x.transaction_id=pg_catalog.txid_current() and x.actor_id=v_actor\n' +
    '      and x.revision_id=p_revision_id and x.link_id=l.id;\n' +
    '  delete from public.lukas_drawing_object_issue_links l\n' +
    '  using private.lukas_drawing_checkpoint_issue_delete_leases x\n' +
    '  where x.transaction_id=pg_catalog.txid_current() and x.actor_id=v_actor\n' +
    '    and x.revision_id=p_revision_id and x.link_id=l.id;\n' +
    '\n' +
    '  for v_action in\n' +
    "    select value from pg_catalog.jsonb_array_elements(p_forward->'actions')\n" +
    '  loop\n' +
    "    if v_action->>'kind' in('put_source','delete_source') then\n" +
    "      v_identity:=case when v_action->>'kind'='put_source'\n" +
    "        then v_action->'entity'\n" +
    '        else private.lukas_drawing_source_json(\n' +
    "          (v_action->>'id')::uuid,p_revision_id,v_revision.project_id,true\n" +
    '        ) end;\n' +
    '      insert into private.lukas_drawing_checkpoint_reference_history(\n' +
    '        revision_id,project_id,snapshot_id,client_operation_id,actor_id,\n' +
    '        link_kind,action,link_identity\n' +
    '      ) values(\n' +
    '        p_revision_id,v_revision.project_id,v_snapshot.id,\n' +
    "        p_client_operation_id,v_actor,'source',\n" +
    "        case when v_action->>'kind'='put_source' then 'restore'\n" +
    "          else 'delete' end,\n" +
    '        v_identity\n' +
    '      );\n' +
    '    end if;\n' +
    '  end loop;\n' +
    '\n' +
    "  if pg_catalog.jsonb_array_length(v_core->'actions')=0 then\n" +
    '    select coalesce(pg_catalog.max(o.sequence),0)+1 into v_sequence\n' +
    '    from public.lukas_drawing_operations o where o.revision_id=p_revision_id;\n' +
    '    v_operation_id:=extensions.gen_random_uuid();\n' +
    "    v_results:=v_plan->'results';\n" +
    '    insert into public.lukas_drawing_opera'... 3861 more characters,
  internal_position: '10175',
  internal_query: '\n' +
    'declare\n' +
    '  v_actor uuid:=(select auth.uid());\n' +
    '  v_revision public.lukas_drawing_revisions%rowtype;\n' +
    '  v_snapshot public.lukas_drawing_snapshots%rowtype;\n' +
    '  v_existing public.lukas_drawing_operations%rowtype;\n' +
    '  v_issue jsonb; v_action jsonb; v_identity jsonb; v_result jsonb;\n' +
    '  v_sources jsonb; v_inverse_sources jsonb; v_core jsonb; v_inverse_core jsonb;\n' +
    '  v_plan jsonb; v_core_bases jsonb; v_results jsonb; v_live_sources jsonb;\n' +
    '  v_snapshot_sources jsonb; v_target_sources jsonb; v_live_issues jsonb;\n' +
    '  v_source_ids text[];\n' +
    '  v_operation_id uuid; v_sequence bigint;\n' +
    'begin\n' +
    "  if p_operation_type<>'restore_checkpoint' then\n" +
    '    return private.lukas_drawing_apply_operation_pre_p5_checkpoint_sources(\n' +
    '      p_revision_id,p_client_operation_id,p_operation_type,p_base_versions,\n' +
    '      p_forward,p_inverse,p_history_action,p_original_operation_id\n' +
    '    );\n' +
    '  end if;\n' +
    '  select s.* into v_snapshot from public.lukas_drawing_snapshots s\n' +
    "  where s.id=(p_forward->>'checkpointId')::uuid\n" +
    '    and s.revision_id=p_revision_id for share;\n' +
    '  if not found or not (\n' +
    '    exists(\n' +
    '      select 1 from pg_catalog.jsonb_array_elements(\n' +
    "        v_snapshot.canonical_json->'sources'\n" +
    "      ) s where s ? 'revisionId'\n" +
    '    )\n' +
    '    or exists(\n' +
    "      select 1 from pg_catalog.jsonb_array_elements(p_forward->'actions') a\n" +
    "      where a->>'kind' in('put_source','delete_source')\n" +
    '    )\n' +
    '  ) then\n' +
    '    return private.lukas_drawing_apply_operation_pre_p5_checkpoint_sources(\n' +
    '      p_revision_id,p_client_operation_id,p_operation_type,p_base_versions,\n' +
    '      p_forward,p_inverse,p_history_action,p_original_operation_id\n' +
    '    );\n' +
    '  end if;\n' +
    '  select o.* into v_existing from public.lukas_drawing_operations o\n' +
    '  where o.revision_id=p_revision_id\n' +
    '    and o.client_operation_id=p_client_operation_id;\n' +
    '  if found then\n' +
    '    if v_existing.actor_id is distinct from v_actor\n' +
    '      or v_existing.operation_type is distinct from p_operation_type\n' +
    '      or v_existing.base_versions is distinct from p_base_versions\n' +
    '      or v_existing.forward is distinct from p_forward\n' +
    '      or v_existing.inverse is distinct from p_inverse\n' +
    '      or v_existing.history_action is distinct from p_history_action\n' +
    '      or v_existing.original_operation_id is distinct from p_original_operation_id\n' +
    "    then raise exception using errcode='P1C01',\n" +
    "      message='Drawing operation idempotency key does not match the stored request';\n" +
    '    end if;\n' +
    '    return pg_catalog.jsonb_build_object(\n' +
    "      'operationId',v_existing.id,'sequence',v_existing.sequence,\n" +
    "      'resultVersions',v_existing.result_versions\n" +
    '    );\n' +
    '  end if;\n' +
    '  select r.* into v_revision from public.lukas_drawing_revisions r\n' +
    "  where r.id=p_revision_id and r.status='draft'\n" +
    '    and private.lukas_drawing_workspace_capability(r.project_id)\n' +
    "      in('admin','editor')\n" +
    '  for update;\n' +
    '  if not found or v_snapshot.schema_version<>2\n' +
    '    or v_snapshot.sha256 is distinct from pg_catalog.encode(\n' +
    '      extensions.digest(pg_catalog.convert_to(\n' +
    "        v_snapshot.canonical_json::text,'UTF8'),'sha256'),'hex'\n" +
    '    )\n' +
    "  then raise exception using errcode='P1C01',\n" +
    "    message='Drawing checkpoint reference target is invalid'; end if;\n" +
    '  v_snapshot_sources:=private.lukas_drawing_p5_checkpoint_sources(\n' +
    "    v_snapshot.canonical_json->'sources',p_revision_id\n" +
    '  );\n' +
    '  if exists(\n' +
    '    select 1 from pg_catalog.jsonb_array_elements(v_snapshot_sources) s\n' +
    '    where private.lukas_drawing_structure_action_valid(\n' +
    '      pg_catalog.jsonb_build_object(\n' +
    "        'kind','put_source','entity',s,'baseVersion',null\n" +
    '      ),p_revision_id\n' +
    '    ) is not true\n' +
    '      or not exists(\n' +
    '        select 1 from pg_catalog.jsonb_array_elements(\n' +
    "          v_snapshot.canonical_json->'objects'\n" +
    "        ) o where o->>'id'=s->>'objectId'\n" +
    '      )\n' +
    '      or not exists(\n' +
    '        select 1 from public.lukas_qto_files f\n' +
    "        where f.id=(s->>'sourceFileId')::uuid\n" +
    '          and f.project_id=v_revision.project_id\n' +
    "          and f.sha256=s->>'sourceSha256' and f.immutable\n" +
    '          and (\n' +
    "            s->>'sourceKind'='pdf_region' and f.kind='pdf'\n" +
    "            or s->>'sourceKind'='ifc_element' and f.kind='ifc'\n" +
    "            or s->>'sourceKind'='dxf_entity' and f.kind='dxf' or s->>'sourceKind'='dwg_entity' and f.kind='dwg'\n" +
    '          )\n' +
    '      )\n' +
    '  ) or exists(\n' +
    '    select 1 from pg_catalog.jsonb_array_elements(v_snapshot_sources) s\n' +
    "    group by s->>'objectId',s->>'sourceFileId',s->>'sourceKind'\n" +
    '    having pg_catalog.count(*)>1\n' +
    '  ) or exists(\n' +
    '    select 1 from pg_catalog.jsonb_array_elements(\n' +
    "      v_snapshot.canonical_json->'issues'\n" +
    '    ) i\n' +
    "    where not (i ?& array['id','objectId'])\n" +
    "      or i-array['id','objectId']<>'{}'::jsonb\n" +
    '      or not exists(\n' +
    '        select 1 from pg_catalog.jsonb_array_elements(\n' +
    "          v_snapshot.canonical_json->'objects'\n" +
    "        ) o where o->>'id'=i->>'objectId'\n" +
    '      )\n' +
    '      or not exists(\n' +
    '        select 1 from public.lukas_drawing_issues x\n' +
    "        where x.id=(i->>'id')::uuid and x.project_id=v_revision.project_id\n" +
    '      )\n' +
    '  ) or exists(\n' +
    '    select 1 from pg_catalog.jsonb_array_elements(\n' +
    "      v_snapshot.canonical_json->'issues'\n" +
    "    ) i group by i->>'id',i->>'objectId' having pg_catalog.count(*)>1\n" +
    "  ) then raise exception using errcode='P1C01',\n" +
    "    message='Drawing checkpoint source graph is invalid'; end if;\n" +
    '\n' +
    '  select coalesce(\n' +
    "    pg_catalog.jsonb_agg(a.value order by a.ordinality),'[]'::jsonb\n" +
    '  ) into v_sources\n' +
    "  from pg_catalog.jsonb_array_elements(p_forward->'actions')\n" +
    '    with ordinality a(value,ordinality)\n' +
    "  where a.value->>'kind' in('put_source','delete_source');\n" +
    '  select coalesce(\n' +
    "    pg_catalog.jsonb_agg(a.value order by a.ordinality),'[]'::jsonb\n" +
    '  ) into v_inverse_sources\n' +
    "  from pg_catalog.jsonb_array_elements(p_inverse->'actions')\n" +
    '    with ordinality a(value,ordinality)\n' +
    "  where a.value->>'kind' in('put_source','delete_source');\n" +
    '  v_plan:=private.lukas_drawing_validate_source_actions(\n' +
    '    p_revision_id,v_revision.project_id,v_sources,v_inverse_sources\n' +
    '  );\n' +
    '  select pg_catalog.array_agg(key) into v_source_ids\n' +
    "  from pg_catalog.jsonb_object_keys(v_plan->'results') key;\n" +
    '  v_core_bases:=p_base_versions-coalesce(v_source_ids,array[]::text[]);\n' +
    "  if p_base_versions is distinct from v_core_bases||(v_plan->'bases') then\n" +
    "    raise exception using errcode='P1C01',\n" +
    "      message='Drawing checkpoint source base versions are incomplete';\n" +
    '  end if;\n' +
    "  select pg_catalog.jsonb_set(p_forward,'{actions}',coalesce(\n" +
    '    pg_catalog.jsonb_agg(a.value order by a.ordinality)\n' +
    "      filter(where a.value->>'kind' not in('put_source','delete_source')),\n" +
    "    '[]'::jsonb),false) into v_core\n" +
    "  from pg_catalog.jsonb_array_elements(p_forward->'actions')\n" +
    '    with ordinality a(value,ordinality);\n' +
    "  select pg_catalog.jsonb_set(p_inverse,'{actions}',coalesce(\n" +
    '    pg_catalog.jsonb_agg(a.value order by a.ordinality)\n' +
    "      filter(where a.value->>'kind' not in('put_source','delete_source')),\n" +
    "    '[]'::jsonb),false) into v_inverse_core\n" +
    "  from pg_catalog.jsonb_array_elements(p_inverse->'actions')\n" +
    '    with ordinality a(value,ordinality);\n' +
    '\n' +
    '  insert into private.lukas_drawing_checkpoint_reference_targets(\n' +
    '    transaction_id,actor_id,revision_id,snapshot_id,sources,issues\n' +
    '  ) values(\n' +
    '    pg_catalog.txid_current(),v_actor,p_revision_id,v_snapshot.id,\n' +
    "    v_snapshot_sources,v_snapshot.canonical_json->'issues'\n" +
    '  );\n' +
    '  insert into private.lukas_drawing_checkpoint_issue_delete_leases(\n' +
    '    transaction_id,actor_id,revision_id,link_id\n' +
    '  ) select pg_catalog.txid_current(),v_actor,p_revision_id,l.id\n' +
    '    from public.lukas_drawing_object_issue_links l\n' +
    '    where l.revision_id=p_revision_id and not exists(\n' +
    '      select 1 from pg_catalog.jsonb_array_elements(\n' +
    "        v_snapshot.canonical_json->'issues'\n" +
    "      ) i where i->>'id'=l.issue_id::text and i->>'objectId'=l.object_id::text\n" +
    '    );\n' +
    '  insert into private.lukas_drawing_checkpoint_reference_history(\n' +
    '    revision_id,project_id,snapshot_id,client_operation_id,actor_id,\n' +
    '    link_kind,action,link_identity\n' +
    '  ) select p_revision_id,v_revision.project_id,v_snapshot.id,\n' +
    "      p_client_operation_id,v_actor,'issue','delete',pg_catalog.to_jsonb(l)\n" +
    '    from public.lukas_drawing_object_issue_links l\n' +
    '    join private.lukas_drawing_checkpoint_issue_delete_leases x\n' +
    '      on x.transaction_id=pg_catalog.txid_current() and x.actor_id=v_actor\n' +
    '      and x.revision_id=p_revision_id and x.link_id=l.id;\n' +
    '  delete from public.lukas_drawing_object_issue_links l\n' +
    '  using private.lukas_drawing_checkpoint_issue_delete_leases x\n' +
    '  where x.transaction_id=pg_catalog.txid_current() and x.actor_id=v_actor\n' +
    '    and x.revision_id=p_revision_id and x.link_id=l.id;\n' +
    '\n' +
    '  for v_action in\n' +
    "    select value from pg_catalog.jsonb_array_elements(p_forward->'actions')\n" +
    '  loop\n' +
    "    if v_action->>'kind' in('put_source','delete_source') then\n" +
    "      v_identity:=case when v_action->>'kind'='put_source'\n" +
    "        then v_action->'entity'\n" +
    '        else private.lukas_drawing_source_json(\n' +
    "          (v_action->>'id')::uuid,p_revision_id,v_revision.project_id,true\n" +
    '        ) end;\n' +
    '      insert into private.lukas_drawing_checkpoint_reference_history(\n' +
    '        revision_id,project_id,snapshot_id,client_operation_id,actor_id,\n' +
    '        link_kind,action,link_identity\n' +
    '      ) values(\n' +
    '        p_revision_id,v_revision.project_id,v_snapshot.id,\n' +
    "        p_client_operation_id,v_actor,'source',\n" +
    "        case when v_action->>'kind'='put_source' then 'restore'\n" +
    "          else 'delete' end,\n" +
    '        v_identity\n' +
    '      );\n' +
    '    end if;\n' +
    '  end loop;\n' +
    '\n' +
    "  if pg_catalog.jsonb_array_length(v_core->'actions')=0 then\n" +
    '    select coalesce(pg_catalog.max(o.sequence),0)+1 into v_sequence\n' +
    '    from public.lukas_drawing_operations o where o.revision_id=p_revision_id;\n' +
    '    v_operation_id:=extensions.gen_random_uuid();\n' +
    "    v_results:=v_plan->'results';\n" +
    '    insert into public.lukas_drawing_operations(\n' +
    '      id,revision_id,project_id,sequence,client_operation_id,operation_type,\n' +
    '      base_versions,forward,inverse,result_versions,actor_id,\n' +
    '      history_action,original_operation_id\n' +
    '    ) values(\n' +
    '      v_operation_id,p_revision_id,v_revision.project_id,v_sequence,\n' +
    '      p_client_operation_id,p_operation_type,p_base_versions,p_forward,\n' +
    '      p_inverse,v_results,v_'... 3389 more characters,
  file: 'scansup.c',
  line: '99',
  routine: 'truncate_identifier'
}
✔ M2 PDF attach real PostgreSQL proves migrations, locks, privileges, and preflight (1717.368041ms)
ℹ tests 2
ℹ suites 0
ℹ pass 1
ℹ fail 0
ℹ cancelled 0
ℹ skipped 1
ℹ todo 0
ℹ duration_ms 1777.444334
✔ material storage authority blocks every metadata-backed object mutation (2.770417ms)
✔ material transaction quota serializes each project before enforcing the loader bound (0.69725ms)
﹣ M5 material storage real PostgreSQL gate is configured (0.107875ms) # SKIP
{
  severity_local: 'NOTICE',
  severity: 'NOTICE',
  code: '00000',
  message: 'policy "hangil staff read projects" for relation "public.lukas_qto_projects" does not exist, skipping',
  file: 'dropcmds.c',
  line: '523',
  routine: 'does_not_exist_skipping'
}
{
  severity_local: 'NOTICE',
  severity: 'NOTICE',
  code: '00000',
  message: 'policy "hangil staff update projects" for relation "public.lukas_qto_projects" does not exist, skipping',
  file: 'dropcmds.c',
  line: '523',
  routine: 'does_not_exist_skipping'
}
{
  severity_local: 'NOTICE',
  severity: 'NOTICE',
  code: '00000',
  message: 'policy "hangil staff manage files" for relation "public.lukas_qto_files" does not exist, skipping',
  file: 'dropcmds.c',
  line: '523',
  routine: 'does_not_exist_skipping'
}
{
  severity_local: 'NOTICE',
  severity: 'NOTICE',
  code: '00000',
  message: 'policy "hangil staff manage reviews" for relation "public.lukas_qto_reviews" does not exist, skipping',
  file: 'dropcmds.c',
  line: '523',
  routine: 'does_not_exist_skipping'
}
{
  severity_local: 'NOTICE',
  severity: 'NOTICE',
  code: '00000',
  message: 'policy "hangil staff read source files" for relation "storage.objects" does not exist, skipping',
  file: 'dropcmds.c',
  line: '523',
  routine: 'does_not_exist_skipping'
}
{
  severity_local: 'NOTICE',
  severity: 'NOTICE',
  code: '00000',
  message: 'policy "hangil staff upload source files" for relation "storage.objects" does not exist, skipping',
  file: 'dropcmds.c',
  line: '523',
  routine: 'does_not_exist_skipping'
}
{
  severity_local: 'NOTICE',
  severity: 'NOTICE',
  code: '00000',
  message: 'policy "hangil staff delete source files" for relation "storage.objects" does not exist, skipping',
  file: 'dropcmds.c',
  line: '523',
  routine: 'does_not_exist_skipping'
}
{
  severity_local: 'NOTICE',
  severity: 'NOTICE',
  code: '42P06',
  message: 'schema "private" already exists, skipping',
  file: 'schemacmds.c',
  line: '132',
  routine: 'CreateSchemaCommand'
}
{
  severity_local: 'NOTICE',
  severity: 'NOTICE',
  code: '00000',
  message: 'policy "project members read file revision graph" for relation "public.lukas_qto_file_revisions" does not exist, skipping',
  file: 'dropcmds.c',
  line: '523',
  routine: 'does_not_exist_skipping'
}
{
  severity_local: 'NOTICE',
  severity: 'NOTICE',
  code: '00000',
  message: 'trigger "lukas_drawing_notifications_from_event" for relation "public.lukas_drawing_issue_events" does not exist, skipping',
  file: 'dropcmds.c',
  line: '523',
  routine: 'does_not_exist_skipping'
}
{
  severity_local: 'NOTICE',
  severity: 'NOTICE',
  code: '42P06',
  message: 'schema "extensions" already exists, skipping',
  file: 'schemacmds.c',
  line: '132',
  routine: 'CreateSchemaCommand'
}
{
  severity_local: 'NOTICE',
  severity: 'NOTICE',
  code: '42710',
  message: 'extension "pgcrypto" already exists, skipping',
  file: 'extension.c',
  line: '1791',
  routine: 'CreateExtension'
}
{
  severity_local: 'NOTICE',
  severity: 'NOTICE',
  code: '42701',
  message: 'column "name" of relation "lukas_drawing_objects" already exists, skipping',
  file: 'tablecmds.c',
  line: '7471',
  routine: 'check_for_column_name_collision'
}
{
  severity_local: 'NOTICE',
  severity: 'NOTICE',
  code: '00000',
  message: 'constraint "lukas_drawing_objects_name_contract" of relation "lukas_drawing_objects" does not exist, skipping',
  file: 'tablecmds.c',
  line: '12655',
  routine: 'ATExecDropConstraint'
}
{
  severity_local: 'NOTICE',
  severity: 'NOTICE',
  code: '00000',
  message: 'constraint "lukas_drawing_layers_name_contract" of relation "lukas_drawing_layers" does not exist, skipping',
  file: 'tablecmds.c',
  line: '12655',
  routine: 'ATExecDropConstraint'
}
{
  severity_local: 'NOTICE',
  severity: 'NOTICE',
  code: '00000',
  message: 'constraint "lukas_drawing_layers_source_contract" of relation "lukas_drawing_layers" does not exist, skipping',
  file: 'tablecmds.c',
  line: '12655',
  routine: 'ATExecDropConstraint'
}
{
  severity_local: 'NOTICE',
  severity: 'NOTICE',
  code: '00000',
  message: 'policy "workspace editors delete draft drawing layers" for relation "public.lukas_drawing_layers" does not exist, skipping',
  file: 'dropcmds.c',
  line: '523',
  routine: 'does_not_exist_skipping'
}
{
  severity_local: 'NOTICE',
  severity: 'NOTICE',
  code: '00000',
  message: 'trigger "lukas_drawing_object_issue_links_append_only" for relation "public.lukas_drawing_object_issue_links" does not exist, skipping',
  file: 'dropcmds.c',
  line: '523',
  routine: 'does_not_exist_skipping'
}
{
  severity_local: 'NOTICE',
  severity: 'NOTICE',
  code: '00000',
  message: 'trigger "lukas_drawing_layers_canvas_fill" for relation "public.lukas_drawing_layers" does not exist, skipping',
  file: 'dropcmds.c',
  line: '523',
  routine: 'does_not_exist_skipping'
}
{
  severity_local: 'NOTICE',
  severity: 'NOTICE',
  code: '42622',
  message: 'identifier "lukas_drawing_structure_block_compound_valid_pre_p2_contract_hardening" will be truncated to "lukas_drawing_structure_block_compound_valid_pre_p2_contract_ha"',
  file: 'scansup.c',
  line: '99',
  routine: 'truncate_identifier'
}
{
  severity_local: 'NOTICE',
  severity: 'NOTICE',
  code: '42622',
  message: 'identifier "lukas_drawing_structure_block_compound_valid_pre_p2_contract_hardening" will be truncated to "lukas_drawing_structure_block_compound_valid_pre_p2_contract_ha"',
  file: 'scansup.c',
  line: '99',
  routine: 'truncate_identifier'
}
{
  severity_local: 'NOTICE',
  severity: 'NOTICE',
  code: '00000',
  message: 'policy "workspace editors delete draft drawing layers" for relation "public.lukas_drawing_layers" does not exist, skipping',
  file: 'dropcmds.c',
  line: '523',
  routine: 'does_not_exist_skipping'
}
{
  severity_local: 'NOTICE',
  severity: 'NOTICE',
  code: '42622',
  message: 'identifier "lukas_drawing_structure_block_compound_valid_pre_p2_contract_hardening" will be truncated to "lukas_drawing_structure_block_compound_valid_pre_p2_contract_ha"',
  where: 'compilation of PL/pgSQL function "lukas_drawing_structure_block_compound_valid" near line 6',
  file: 'scansup.c',
  line: '99',
  routine: 'truncate_identifier'
}
{
  severity_local: 'NOTICE',
  severity: 'NOTICE',
  code: '42622',
  message: 'identifier "lukas_drawing_structure_block_compound_valid_pre_p2_contract_hardening" will be truncated to "lukas_drawing_structure_block_compound_valid_pre_p2_contract_ha"',
  position: '4877',
  file: 'scansup.c',
  line: '99',
  routine: 'truncate_identifier'
}
{
  severity_local: 'NOTICE',
  severity: 'NOTICE',
  code: '00000',
  message: 'trigger "lukas_drawing_tables_domain_guard" for relation "public.lukas_drawing_tables" does not exist, skipping',
  file: 'dropcmds.c',
  line: '523',
  routine: 'does_not_exist_skipping'
}
{
  severity_local: 'NOTICE',
  severity: 'NOTICE',
  code: '00000',
  message: 'trigger "lukas_drawing_documents_clone_source_clear" for relation "public.lukas_drawing_documents" does not exist, skipping',
  file: 'dropcmds.c',
  line: '523',
  routine: 'does_not_exist_skipping'
}
{
  severity_local: 'NOTICE',
  severity: 'NOTICE',
  code: '00000',
  message: 'trigger "lukas_drawing_block_instance_lineage_guard" for relation "public.lukas_drawing_block_instances" does not exist, skipping',
  file: 'dropcmds.c',
  line: '523',
  routine: 'does_not_exist_skipping'
}
{
  severity_local: 'NOTICE',
  severity: 'NOTICE',
  code: '00000',
  message: 'trigger "aaa_lukas_drawing_snapshot_lineage_writer" for relation "public.lukas_drawing_snapshots" does not exist, skipping',
  file: 'dropcmds.c',
  line: '523',
  routine: 'does_not_exist_skipping'
}
{
  severity_local: 'NOTICE',
  severity: 'NOTICE',
  code: '00000',
  message: 'trigger "lukas_drawing_clone_binding_guard" for relation "public.lukas_drawing_documents" does not exist, skipping',
  file: 'dropcmds.c',
  line: '523',
  routine: 'does_not_exist_skipping'
}
{
  severity_local: 'NOTICE',
  severity: 'NOTICE',
  code: '00000',
  message: 'trigger "lukas_drawing_template_clone_ledger_append_guard" for relation "private.lukas_drawing_template_clone_requests" does not exist, skipping',
  file: 'dropcmds.c',
  line: '523',
  routine: 'does_not_exist_skipping'
}
{
  severity_local: 'NOTICE',
  severity: 'NOTICE',
  code: '42622',
  message: 'identifier "lukas_drawing_apply_operation_pre_checkpoint_reference_authority" will be truncated to "lukas_drawing_apply_operation_pre_checkpoint_reference_authorit"',
  file: 'scansup.c',
  line: '99',
  routine: 'truncate_identifier'
}
{
  severity_local: 'NOTICE',
  severity: 'NOTICE',
  code: '42622',
  message: 'identifier "lukas_drawing_apply_operation_pre_checkpoint_reference_authority" will be truncated to "lukas_drawing_apply_operation_pre_checkpoint_reference_authorit"',
  file: 'scansup.c',
  line: '99',
  routine: 'truncate_identifier'
}
{
  severity_local: 'NOTICE',
  severity: 'NOTICE',
  code: '42622',
  message: 'identifier "lukas_drawing_apply_operation_pre_checkpoint_reference_authority" will be truncated to "lukas_drawing_apply_operation_pre_checkpoint_reference_authorit"',
  where: 'compilation of PL/pgSQL function "lukas_drawing_apply_operation" near line 6',
  file: 'scansup.c',
  line: '99',
  routine: 'truncate_identifier'
}
{
  severity_local: 'NOTICE',
  severity: 'NOTICE',
  code: '42622',
  message: 'identifier "lukas_drawing_apply_operation_pre_checkpoint_reference_authority" will be truncated to "lukas_drawing_apply_operation_pre_checkpoint_reference_authorit"',
  position: '3714',
  file: 'scansup.c',
  line: '99',
  routine: 'truncate_identifier'
}
{
  severity_local: 'NOTICE',
  severity: 'NOTICE',
  code: '42622',
  message: 'identifier "lukas_drawing_apply_operation_pre_checkpoint_reference_authority" will be truncated to "lukas_drawing_apply_operation_pre_checkpoint_reference_authorit"',
  where: 'compilation of PL/pgSQL function "lukas_drawing_apply_operation" near line 8',
  file: 'scansup.c',
  line: '99',
  routine: 'truncate_identifier'
}
{
  severity_local: 'NOTICE',
  severity: 'NOTICE',
  code: '42622',
  message: 'identifier "lukas_drawing_apply_operation_pre_checkpoint_reference_authority" will be truncated to "lukas_drawing_apply_operation_pre_checkpoint_reference_authorit"',
  position: '4118',
  file: 'scansup.c',
  line: '99',
  routine: 'truncate_identifier'
}
{
  severity_local: 'NOTICE',
  severity: 'NOTICE',
  code: '42622',
  message: 'identifier "lukas_drawing_apply_operation_pre_checkpoint_reference_authority" will be truncated to "lukas_drawing_apply_operation_pre_checkpoint_reference_authorit"',
  where: 'compilation of PL/pgSQL function "lukas_drawing_apply_operation" near line 136',
  file: 'scansup.c',
  line: '99',
  routine: 'truncate_identifier'
}
{
  severity_local: 'NOTICE',
  severity: 'NOTICE',
  code: '42622',
  message: 'identifier "lukas_drawing_apply_operation_pre_checkpoint_reference_authority" will be truncated to "lukas_drawing_apply_operation_pre_checkpoint_reference_authorit"',
  position: '9893',
  file: 'scansup.c',
  line: '99',
  routine: 'truncate_identifier'
}
{
  severity_local: 'NOTICE',
  severity: 'NOTICE',
  code: '00000',
  message: 'constraint "lukas_drawing_pages_name_contract" of relation "lukas_drawing_pages" does not exist, skipping',
  file: 'tablecmds.c',
  line: '12655',
  routine: 'ATExecDropConstraint'
}
{
  severity_local: 'NOTICE',
  severity: 'NOTICE',
  code: '00000',
  message: 'constraint "lukas_drawing_canvases_name_contract" of relation "lukas_drawing_canvases" does not exist, skipping',
  file: 'tablecmds.c',
  line: '12655',
  routine: 'ATExecDropConstraint'
}
{
  severity_local: 'NOTICE',
  severity: 'NOTICE',
  code: '00000',
  message: 'constraint "lukas_drawing_styles_name_contract" of relation "lukas_drawing_styles" does not exist, skipping',
  file: 'tablecmds.c',
  line: '12655',
  routine: 'ATExecDropConstraint'
}
{
  severity_local: 'NOTICE',
  severity: 'NOTICE',
  code: '00000',
  message: 'constraint "lukas_drawing_blocks_name_contract" of relation "lukas_drawing_blocks" does not exist, skipping',
  file: 'tablecmds.c',
  line: '12655',
  routine: 'ATExecDropConstraint'
}
{
  severity_local: 'NOTICE',
  severity: 'NOTICE',
  code: '00000',
  message: 'constraint "lukas_drawing_blocks_primitive_names_contract" of relation "lukas_drawing_blocks" does not exist, skipping',
  file: 'tablecmds.c',
  line: '12655',
  routine: 'ATExecDropConstraint'
}
{
  severity_local: 'NOTICE',
  severity: 'NOTICE',
  code: '00000',
  message: 'constraint "lukas_drawing_block_instances_name_contract" of relation "lukas_drawing_block_instances" does not exist, skipping',
  file: 'tablecmds.c',
  line: '12655',
  routine: 'ATExecDropConstraint'
}
{
  severity_local: 'NOTICE',
  severity: 'NOTICE',
  code: '00000',
  message: 'constraint "lukas_drawing_property_schemas_name_contract" of relation "lukas_drawing_property_schemas" does not exist, skipping',
  file: 'tablecmds.c',
  line: '12655',
  routine: 'ATExecDropConstraint'
}
{
  severity_local: 'NOTICE',
  severity: 'NOTICE',
  code: '00000',
  message: 'constraint "lukas_drawing_property_schemas_enum_option_names_contract" of relation "lukas_drawing_property_schemas" does not exist, skipping',
  file: 'tablecmds.c',
  line: '12655',
  routine: 'ATExecDropConstraint'
}
{
  severity_local: 'NOTICE',
  severity: 'NOTICE',
  code: '00000',
  message: 'constraint "lukas_drawing_tables_name_contract" of relation "lukas_drawing_tables" does not exist, skipping',
  file: 'tablecmds.c',
  line: '12655',
  routine: 'ATExecDropConstraint'
}
{
  severity_local: 'NOTICE',
  severity: 'NOTICE',
  code: '00000',
  message: 'constraint "lukas_drawing_tables_column_names_contract" of relation "lukas_drawing_tables" does not exist, skipping',
  file: 'tablecmds.c',
  line: '12655',
  routine: 'ATExecDropConstraint'
}
{
  severity_local: 'NOTICE',
  severity: 'NOTICE',
  code: '42622',
  message: 'identifier "lukas_drawing_apply_operation_pre_checkpoint_reference_authority" will be truncated to "lukas_drawing_apply_operation_pre_checkpoint_reference_authorit"',
  where: 'compilation of PL/pgSQL function "lukas_drawing_apply_operation_pre_p4_semantic_objects" near line 202',
  file: 'scansup.c',
  line: '99',
  routine: 'truncate_identifier'
}
{
  severity_local: 'NOTICE',
  severity: 'NOTICE',
  code: '42622',
  message: 'identifier "lukas_drawing_apply_operation_pre_checkpoint_reference_authority" will be truncated to "lukas_drawing_apply_operation_pre_checkpoint_reference_authorit"',
  position: '57847',
  file: 'scansup.c',
  line: '99',
  routine: 'truncate_identifier'
}
{
  severity_local: 'NOTICE',
  severity: 'NOTICE',
  code: '00000',
  message: 'policy "lukas qto owners manage projects" for relation "public.lukas_qto_projects" does not exist, skipping',
  file: 'dropcmds.c',
  line: '523',
  routine: 'does_not_exist_skipping'
}
{
  severity_local: 'NOTICE',
  severity: 'NOTICE',
  code: '00000',
  message: 'policy "verified qto source uploads reject authenticated delete" for relation "storage.objects" does not exist, skipping',
  file: 'dropcmds.c',
  line: '523',
  routine: 'does_not_exist_skipping'
}
{
  severity_local: 'NOTICE',
  severity: 'NOTICE',
  code: '00000',
  message: 'policy "verified qto source uploads reject authenticated update" for relation "storage.objects" does not exist, skipping',
  file: 'dropcmds.c',
  line: '523',
  routine: 'does_not_exist_skipping'
}
{
  severity_local: 'NOTICE',
  severity: 'NOTICE',
  code: '00000',
  message: 'policy "verified source metadata requires service finalizer" for relation "public.lukas_qto_files" does not exist, skipping',
  file: 'dropcmds.c',
  line: '523',
  routine: 'does_not_exist_skipping'
}
{
  severity_local: 'NOTICE',
  severity: 'NOTICE',
  code: '00000',
  message: 'role "postgres" has already been granted membership in role "lukas_drawing_collaboration" by role "postgres"',
  where: 'SQL statement "grant lukas_drawing_collaboration to postgres with inherit false, set true"\n' +
    'PL/pgSQL function inline_code_block line 4 at EXECUTE',
  file: 'user.c',
  line: '1888',
  routine: 'AddRoleMems'
}
{
  severity_local: 'NOTICE',
  severity: 'NOTICE',
  code: '00000',
  message: 'constraint "lukas_qto_export_events_drawing_lineage_check" of relation "lukas_qto_export_events" does not exist, skipping',
  file: 'tablecmds.c',
  line: '12655',
  routine: 'ATExecDropConstraint'
}
{
  severity_local: 'NOTICE',
  severity: 'NOTICE',
  code: '00000',
  message: 'constraint "lukas_drawing_revisions_parent_not_self_check" of relation "lukas_drawing_revisions" does not exist, skipping',
  file: 'tablecmds.c',
  line: '12655',
  routine: 'ATExecDropConstraint'
}
{
  severity_local: 'NOTICE',
  severity: 'NOTICE',
  code: '00000',
  message: 'policy "drawing attached sources reject authenticated delete" for relation "storage.objects" does not exist, skipping',
  file: 'dropcmds.c',
  line: '523',
  routine: 'does_not_exist_skipping'
}
{
  severity_local: 'NOTICE',
  severity: 'NOTICE',
  code: '00000',
  message: 'policy "drawing attached sources reject authenticated update" for relation "storage.objects" does not exist, skipping',
  file: 'dropcmds.c',
  line: '523',
  routine: 'does_not_exist_skipping'
}
{
  severity_local: 'NOTICE',
  severity: 'NOTICE',
  code: '00000',
  message: 'trigger "lukas_drawing_operations_touch_revision" for relation "public.lukas_drawing_operations" does not exist, skipping',
  file: 'dropcmds.c',
  line: '523',
  routine: 'does_not_exist_skipping'
}
{
  severity_local: 'NOTICE',
  severity: 'NOTICE',
  code: '42622',
  message: 'identifier "lukas_drawing_apply_operation_pre_checkpoint_reference_authority" will be truncated to "lukas_drawing_apply_operation_pre_checkpoint_reference_authorit"',
  where: 'compilation of PL/pgSQL function "lukas_drawing_apply_operation_pre_p4_semantic_objects" near line 226',
  file: 'scansup.c',
  line: '99',
  routine: 'truncate_identifier'
}
{
  severity_local: 'NOTICE',
  severity: 'NOTICE',
  code: '42622',
  message: 'identifier "lukas_drawing_apply_operation_pre_checkpoint_reference_authority" will be truncated to "lukas_drawing_apply_operation_pre_checkpoint_reference_authorit"',
  position: '128245',
  file: 'scansup.c',
  line: '99',
  routine: 'truncate_identifier'
}
{
  severity_local: 'NOTICE',
  severity: 'NOTICE',
  code: '00000',
  message: 'policy "material manifest upload authority" for relation "storage.objects" does not exist, skipping',
  file: 'dropcmds.c',
  line: '523',
  routine: 'does_not_exist_skipping'
}
{
  severity_local: 'NOTICE',
  severity: 'NOTICE',
  code: '00000',
  message: 'policy "material manifest metadata insert authority" for relation "public.lukas_qto_files" does not exist, skipping',
  file: 'dropcmds.c',
  line: '523',
  routine: 'does_not_exist_skipping'
}
{
  severity_local: 'NOTICE',
  severity: 'NOTICE',
  code: '00000',
  message: 'policy "material evidence uploaders delete unreferenced files" for relation "public.lukas_qto_files" does not exist, skipping',
  file: 'dropcmds.c',
  line: '523',
  routine: 'does_not_exist_skipping'
}
{
  severity_local: 'NOTICE',
  severity: 'NOTICE',
  code: '00000',
  message: 'policy "material evidence metadata delete authority" for relation "public.lukas_qto_files" does not exist, skipping',
  file: 'dropcmds.c',
  line: '523',
  routine: 'does_not_exist_skipping'
}
{
  severity_local: 'NOTICE',
  severity: 'NOTICE',
  code: '00000',
  message: 'policy "material authority rejects authenticated delete" for relation "storage.objects" does not exist, skipping',
  file: 'dropcmds.c',
  line: '523',
  routine: 'does_not_exist_skipping'
}
{
  severity_local: 'NOTICE',
  severity: 'NOTICE',
  code: '00000',
  message: 'policy "material authority rejects authenticated update" for relation "storage.objects" does not exist, skipping',
  file: 'dropcmds.c',
  line: '523',
  routine: 'does_not_exist_skipping'
}
{
  severity_local: 'NOTICE',
  severity: 'NOTICE',
  code: '00000',
  message: 'trigger "lukas_qto_material_transactions_write_quota" for relation "public.lukas_qto_material_transactions" does not exist, skipping',
  file: 'dropcmds.c',
  line: '523',
  routine: 'does_not_exist_skipping'
}
{
  severity_local: 'NOTICE',
  severity: 'NOTICE',
  code: '00000',
  message: 'policy "source uploads require project editor authority" for relation "storage.objects" does not exist, skipping',
  file: 'dropcmds.c',
  line: '523',
  routine: 'does_not_exist_skipping'
}
{
  severity_local: 'NOTICE',
  severity: 'NOTICE',
  code: '42622',
  message: 'identifier "lukas_drawing_apply_operation_pre_checkpoint_reference_authority" will be truncated to "lukas_drawing_apply_operation_pre_checkpoint_reference_authorit"',
  where: 'compilation of PL/pgSQL function "lukas_drawing_apply_operation_pre_p4_semantic_objects" near line 226\n' +
    'SQL statement "CREATE OR REPLACE FUNCTION private.lukas_drawing_apply_operation_pre_p4_semantic_objects(p_revision_id uuid, p_client_operation_id uuid, p_operation_type text, p_base_versions jsonb, p_forward jsonb, p_inverse jsonb, p_history_action text, p_original_operation_id uuid)\n' +
    ' RETURNS jsonb\n' +
    ' LANGUAGE plpgsql\n' +
    ' SECURITY DEFINER\n' +
    " SET search_path TO ''\n" +
    'AS $function$\n' +
    'declare\n' +
    '  v_actor uuid:=(select auth.uid());\n' +
    '  v_revision public.lukas_drawing_revisions%rowtype;\n' +
    '  v_snapshot public.lukas_drawing_snapshots%rowtype;\n' +
    '  v_existing public.lukas_drawing_operations%rowtype;\n' +
    '  v_issue jsonb; v_action jsonb; v_identity jsonb; v_result jsonb;\n' +
    '  v_sources jsonb; v_inverse_sources jsonb; v_core jsonb; v_inverse_core jsonb;\n' +
    '  v_plan jsonb; v_core_bases jsonb; v_results jsonb; v_live_sources jsonb;\n' +
    '  v_snapshot_sources jsonb; v_target_sources jsonb; v_live_issues jsonb;\n' +
    '  v_source_ids text[];\n' +
    '  v_operation_id uuid; v_sequence bigint;\n' +
    'begin\n' +
    "  if p_operation_type<>'restore_checkpoint' then\n" +
    '    return private.lukas_drawing_apply_operation_pre_p5_checkpoint_sources(\n' +
    '      p_revision_id,p_client_operation_id,p_operation_type,p_base_versions,\n' +
    '      p_forward,p_inverse,p_history_action,p_original_operation_id\n' +
    '    );\n' +
    '  end if;\n' +
    '  select s.* into v_snapshot from public.lukas_drawing_snapshots s\n' +
    "  where s.id=(p_forward->>'checkpointId')::uuid\n" +
    '    and s.revision_id=p_revision_id for share;\n' +
    '  if not found or not (\n' +
    '    exists(\n' +
    '      select 1 from pg_catalog.jsonb_array_elements(\n' +
    "        v_snapshot.canonical_json->'sources'\n" +
    "      ) s where s ? 'revisionId'\n" +
    '    )\n' +
    '    or exists(\n' +
    "      select 1 from pg_catalog.jsonb_array_elements(p_forward->'actions') a\n" +
    "      where a->>'kind' in('put_source','delete_source')\n" +
    '    )\n' +
    '  ) then\n' +
    '    return private.lukas_drawing_apply_operation_pre_p5_checkpoint_sources(\n' +
    '      p_revision_id,p_client_operation_id,p_operation_type,p_base_versions,\n' +
    '      p_forward,p_inverse,p_history_action,p_original_operation_id\n' +
    '    );\n' +
    '  end if;\n' +
    '  select o.* into v_existing from public.lukas_drawing_operations o\n' +
    '  where o.revision_id=p_revision_id\n' +
    '    and o.client_operation_id=p_client_operation_id;\n' +
    '  if found then\n' +
    '    if v_existing.actor_id is distinct from v_actor\n' +
    '      or v_existing.operation_type is distinct from p_operation_type\n' +
    '      or v_existing.base_versions is distinct from p_base_versions\n' +
    '      or v_existing.forward is distinct from p_forward\n' +
    '      or v_existing.inverse is distinct from p_inverse\n' +
    '      or v_existing.history_action is distinct from p_history_action\n' +
    '      or v_existing.original_operation_id is distinct from p_original_operation_id\n' +
    "    then raise exception using errcode='P1C01',\n" +
    "      message='Drawing operation idempotency key does not match the stored request';\n" +
    '    end if;\n' +
    '    return pg_catalog.jsonb_build_object(\n' +
    "      'operationId',v_existing.id,'sequence',v_existing.sequence,\n" +
    "      'resultVersions',v_existing.result_versions\n" +
    '    );\n' +
    '  end if;\n' +
    '  select r.* into v_revision from public.lukas_drawing_revisions r\n' +
    "  where r.id=p_revision_id and r.status='draft'\n" +
    '    and private.lukas_drawing_workspace_capability(r.project_id)\n' +
    "      in('admin','editor')\n" +
    '  for update;\n' +
    '  if not found or v_snapshot.schema_version<>2\n' +
    '    or v_snapshot.sha256 is distinct from pg_catalog.encode(\n' +
    '      extensions.digest(pg_catalog.convert_to(\n' +
    "        v_snapshot.canonical_json::text,'UTF8'),'sha256'),'hex'\n" +
    '    )\n' +
    "  then raise exception using errcode='P1C01',\n" +
    "    message='Drawing checkpoint reference target is invalid'; end if;\n" +
    '  v_snapshot_sources:=private.lukas_drawing_p5_checkpoint_sources(\n' +
    "    v_snapshot.canonical_json->'sources',p_revision_id\n" +
    '  );\n' +
    '  if exists(\n' +
    '    select 1 from pg_catalog.jsonb_array_elements(v_snapshot_sources) s\n' +
    '    where private.lukas_drawing_structure_action_valid(\n' +
    '      pg_catalog.jsonb_build_object(\n' +
    "        'kind','put_source','entity',s,'baseVersion',null\n" +
    '      ),p_revision_id\n' +
    '    ) is not true\n' +
    '      or not exists(\n' +
    '        select 1 from pg_catalog.jsonb_array_elements(\n' +
    "          v_snapshot.canonical_json->'objects'\n" +
    "        ) o where o->>'id'=s->>'objectId'\n" +
    '      )\n' +
    '      or not exists(\n' +
    '        select 1 from public.lukas_qto_files f\n' +
    "        where f.id=(s->>'sourceFileId')::uuid\n" +
    '          and f.project_id=v_revision.project_id\n' +
    "          and f.sha256=s->>'sourceSha256' and f.immutable\n" +
    '          and (\n' +
    "            s->>'sourceKind'='pdf_region' and f.kind='pdf'\n" +
    "            or s->>'sourceKind'='ifc_element' and f.kind='ifc'\n" +
    "            or s->>'sourceKind'='dxf_entity' and f.kind='dxf' or s->>'sourceKind'='dwg_entity' and f.kind='dwg'\n" +
    '          )\n' +
    '      )\n' +
    '  ) or exists(\n' +
    '    select 1 from pg_catalog.jsonb_array_elements(v_snapshot_sources) s\n' +
    "    group by s->>'objectId',s->>'sourceFileId',s->>'sourceKind'\n" +
    '    having pg_catalog.count(*)>1\n' +
    '  ) or exists(\n' +
    '    select 1 from pg_catalog.jsonb_array_elements(\n' +
    "      v_snapshot.canonical_json->'issues'\n" +
    '    ) i\n' +
    "    where not (i ?& array['id','objectId'])\n" +
    "      or i-array['id','objectId']<>'{}'::jsonb\n" +
    '      or not exists(\n' +
    '        select 1 from pg_catalog.jsonb_array_elements(\n' +
    "          v_snapshot.canonical_json->'objects'\n" +
    "        ) o where o->>'id'=i->>'objectId'\n" +
    '      )\n' +
    '      or not exists(\n' +
    '        select 1 from public.lukas_drawing_issues x\n' +
    "        where x.id=(i->>'id')::uuid and x.project_id=v_revision.project_id\n" +
    '      )\n' +
    '  ) or exists(\n' +
    '    select 1 from pg_catalog.jsonb_array_elements(\n' +
    "      v_snapshot.canonical_json->'issues'\n" +
    "    ) i group by i->>'id',i->>'objectId' having pg_catalog.count(*)>1\n" +
    "  ) then raise exception using errcode='P1C01',\n" +
    "    message='Drawing checkpoint source graph is invalid'; end if;\n" +
    '\n' +
    '  select coalesce(\n' +
    "    pg_catalog.jsonb_agg(a.value order by a.ordinality),'[]'::jsonb\n" +
    '  ) into v_sources\n' +
    "  from pg_catalog.jsonb_array_elements(p_forward->'actions')\n" +
    '    with ordinality a(value,ordinality)\n' +
    "  where a.value->>'kind' in('put_source','delete_source');\n" +
    '  select coalesce(\n' +
    "    pg_catalog.jsonb_agg(a.value order by a.ordinality),'[]'::jsonb\n" +
    '  ) into v_inverse_sources\n' +
    "  from pg_catalog.jsonb_array_elements(p_inverse->'actions')\n" +
    '    with ordinality a(value,ordinality)\n' +
    "  where a.value->>'kind' in('put_source','delete_source');\n" +
    '  v_plan:=private.lukas_drawing_validate_source_actions(\n' +
    '    p_revision_id,v_revision.project_id,v_sources,v_inverse_sources\n' +
    '  );\n' +
    '  select pg_catalog.array_agg(key) into v_source_ids\n' +
    "  from pg_catalog.jsonb_object_keys(v_plan->'results') key;\n" +
    '  v_core_bases:=p_base_versions-coalesce(v_source_ids,array[]::text[]);\n' +
    "  if p_base_versions is distinct from v_core_bases||(v_plan->'bases') then\n" +
    "    raise exception using errcode='P1C01',\n" +
    "      message='Drawing checkpoint source base versions are incomplete';\n" +
    '  end if;\n' +
    "  select pg_catalog.jsonb_set(p_forward,'{actions}',coalesce(\n" +
    '    pg_catalog.jsonb_agg(a.value order by a.ordinality)\n' +
    "      filter(where a.value->>'kind' not in('put_source','delete_source')),\n" +
    "    '[]'::jsonb),false) into v_core\n" +
    "  from pg_catalog.jsonb_array_elements(p_forward->'actions')\n" +
    '    with ordinality a(value,ordinality);\n' +
    "  select pg_catalog.jsonb_set(p_inverse,'{actions}',coalesce(\n" +
    '    pg_catalog.jsonb_agg(a.value order by a.ordinality)\n' +
    "      filter(where a.value->>'kind' not in('put_source','delete_source')),\n" +
    "    '[]'::jsonb),false) into v_inverse_core\n" +
    "  from pg_catalog.jsonb_array_elements(p_inverse->'actions')\n" +
    '    with ordinality a(value,ordinality);\n' +
    '\n' +
    '  insert into private.lukas_drawing_checkpoint_reference_targets(\n' +
    '    transaction_id,actor_id,revision_id,snapshot_id,sources,issues\n' +
    '  ) values(\n' +
    '    pg_catalog.txid_current(),v_actor,p_revision_id,v_snapshot.id,\n' +
    "    v_snapshot_sources,v_snapshot.canonical_json->'issues'\n" +
    '  );\n' +
    '  insert into private.lukas_drawing_checkpoint_issue_delete_leases(\n' +
    '    transaction_id,actor_id,revision_id,link_id\n' +
    '  ) select pg_catalog.txid_current(),v_actor,p_revision_id,l.id\n' +
    '    from public.lukas_drawing_object_issue_links l\n' +
    '    where l.revision_id=p_revision_id and not exists(\n' +
    '      select 1 from pg_catalog.jsonb_array_elements(\n' +
    "        v_snapshot.canonical_json->'issues'\n" +
    "      ) i where i->>'id'=l.issue_id::text and i->>'objectId'=l.object_id::text\n" +
    '    );\n' +
    '  insert into private.lukas_drawing_checkpoint_reference_history(\n' +
    '    revision_id,project_id,snapshot_id,client_operation_id,actor_id,\n' +
    '    link_kind,action,link_identity\n' +
    '  ) select p_revision_id,v_revision.project_id,v_snapshot.id,\n' +
    "      p_client_operation_id,v_actor,'issue','delete',pg_catalog.to_jsonb(l)\n" +
    '    from public.lukas_drawing_object_issue_links l\n' +
    '    join private.lukas_drawing_checkpoint_issue_delete_leases x\n' +
    '      on x.transaction_id=pg_catalog.txid_current() and x.actor_id=v_actor\n' +
    '      and x.revision_id=p_revision_id and x.link_id=l.id;\n' +
    '  delete from public.lukas_drawing_object_issue_links l\n' +
    '  using private.lukas_drawing_checkpoint_issue_delete_leases x\n' +
    '  where x.transaction_id=pg_catalog.txid_current() and x.actor_id=v_actor\n' +
    '    and x.revision_id=p_revision_id and x.link_id=l.id;\n' +
    '\n' +
    '  for v_action in\n' +
    "    select value from pg_catalog.jsonb_array_elements(p_forward->'actions')\n" +
    '  loop\n' +
    "    if v_action->>'kind' in('put_source','delete_source') then\n" +
    "      v_identity:=case when v_action->>'kind'='put_source'\n" +
    "        then v_action->'entity'\n" +
    '        else private.lukas_drawing_source_json(\n' +
    "          (v_action->>'id')::uuid,p_revision_id,v_revision.project_id,true\n" +
    '        ) end;\n' +
    '      insert into private.lukas_drawing_checkpoint_reference_history(\n' +
    '        revision_id,project_id,snapshot_id,client_operation_id,actor_id,\n' +
    '        link_kind,action,link_identity\n' +
    '      ) values(\n' +
    '        p_revision_id,v_revision.project_id,v_snapshot.id,\n' +
    "        p_client_operation_id,v_actor,'source',\n" +
    "        case when v_action->>'kind'='put_source' then 'restore'\n" +
    "          else 'delete' end,\n" +
    '        v_identity\n' +
    '      );\n' +
    '    end if;\n' +
    '  end loop;\n' +
    '\n' +
    "  if pg_catalog.jsonb_array_length(v_core->'actions')=0 then\n" +
    '    select coalesce(pg_catalog.max(o.sequence),0)+1 into v_sequence\n' +
    '    from public.lukas_drawing_operations o where o.revision_id=p_revision_id;\n' +
    '    v_operation_id:=ext'... 3964 more characters,
  file: 'scansup.c',
  line: '99',
  routine: 'truncate_identifier'
}
{
  severity_local: 'NOTICE',
  severity: 'NOTICE',
  code: '42622',
  message: 'identifier "lukas_drawing_apply_operation_pre_checkpoint_reference_authority" will be truncated to "lukas_drawing_apply_operation_pre_checkpoint_reference_authorit"',
  where: 'SQL statement "CREATE OR REPLACE FUNCTION private.lukas_drawing_apply_operation_pre_p4_semantic_objects(p_revision_id uuid, p_client_operation_id uuid, p_operation_type text, p_base_versions jsonb, p_forward jsonb, p_inverse jsonb, p_history_action text, p_original_operation_id uuid)\n' +
    ' RETURNS jsonb\n' +
    ' LANGUAGE plpgsql\n' +
    ' SECURITY DEFINER\n' +
    " SET search_path TO ''\n" +
    'AS $function$\n' +
    'declare\n' +
    '  v_actor uuid:=(select auth.uid());\n' +
    '  v_revision public.lukas_drawing_revisions%rowtype;\n' +
    '  v_snapshot public.lukas_drawing_snapshots%rowtype;\n' +
    '  v_existing public.lukas_drawing_operations%rowtype;\n' +
    '  v_issue jsonb; v_action jsonb; v_identity jsonb; v_result jsonb;\n' +
    '  v_sources jsonb; v_inverse_sources jsonb; v_core jsonb; v_inverse_core jsonb;\n' +
    '  v_plan jsonb; v_core_bases jsonb; v_results jsonb; v_live_sources jsonb;\n' +
    '  v_snapshot_sources jsonb; v_target_sources jsonb; v_live_issues jsonb;\n' +
    '  v_source_ids text[];\n' +
    '  v_operation_id uuid; v_sequence bigint;\n' +
    'begin\n' +
    "  if p_operation_type<>'restore_checkpoint' then\n" +
    '    return private.lukas_drawing_apply_operation_pre_p5_checkpoint_sources(\n' +
    '      p_revision_id,p_client_operation_id,p_operation_type,p_base_versions,\n' +
    '      p_forward,p_inverse,p_history_action,p_original_operation_id\n' +
    '    );\n' +
    '  end if;\n' +
    '  select s.* into v_snapshot from public.lukas_drawing_snapshots s\n' +
    "  where s.id=(p_forward->>'checkpointId')::uuid\n" +
    '    and s.revision_id=p_revision_id for share;\n' +
    '  if not found or not (\n' +
    '    exists(\n' +
    '      select 1 from pg_catalog.jsonb_array_elements(\n' +
    "        v_snapshot.canonical_json->'sources'\n" +
    "      ) s where s ? 'revisionId'\n" +
    '    )\n' +
    '    or exists(\n' +
    "      select 1 from pg_catalog.jsonb_array_elements(p_forward->'actions') a\n" +
    "      where a->>'kind' in('put_source','delete_source')\n" +
    '    )\n' +
    '  ) then\n' +
    '    return private.lukas_drawing_apply_operation_pre_p5_checkpoint_sources(\n' +
    '      p_revision_id,p_client_operation_id,p_operation_type,p_base_versions,\n' +
    '      p_forward,p_inverse,p_history_action,p_original_operation_id\n' +
    '    );\n' +
    '  end if;\n' +
    '  select o.* into v_existing from public.lukas_drawing_operations o\n' +
    '  where o.revision_id=p_revision_id\n' +
    '    and o.client_operation_id=p_client_operation_id;\n' +
    '  if found then\n' +
    '    if v_existing.actor_id is distinct from v_actor\n' +
    '      or v_existing.operation_type is distinct from p_operation_type\n' +
    '      or v_existing.base_versions is distinct from p_base_versions\n' +
    '      or v_existing.forward is distinct from p_forward\n' +
    '      or v_existing.inverse is distinct from p_inverse\n' +
    '      or v_existing.history_action is distinct from p_history_action\n' +
    '      or v_existing.original_operation_id is distinct from p_original_operation_id\n' +
    "    then raise exception using errcode='P1C01',\n" +
    "      message='Drawing operation idempotency key does not match the stored request';\n" +
    '    end if;\n' +
    '    return pg_catalog.jsonb_build_object(\n' +
    "      'operationId',v_existing.id,'sequence',v_existing.sequence,\n" +
    "      'resultVersions',v_existing.result_versions\n" +
    '    );\n' +
    '  end if;\n' +
    '  select r.* into v_revision from public.lukas_drawing_revisions r\n' +
    "  where r.id=p_revision_id and r.status='draft'\n" +
    '    and private.lukas_drawing_workspace_capability(r.project_id)\n' +
    "      in('admin','editor')\n" +
    '  for update;\n' +
    '  if not found or v_snapshot.schema_version<>2\n' +
    '    or v_snapshot.sha256 is distinct from pg_catalog.encode(\n' +
    '      extensions.digest(pg_catalog.convert_to(\n' +
    "        v_snapshot.canonical_json::text,'UTF8'),'sha256'),'hex'\n" +
    '    )\n' +
    "  then raise exception using errcode='P1C01',\n" +
    "    message='Drawing checkpoint reference target is invalid'; end if;\n" +
    '  v_snapshot_sources:=private.lukas_drawing_p5_checkpoint_sources(\n' +
    "    v_snapshot.canonical_json->'sources',p_revision_id\n" +
    '  );\n' +
    '  if exists(\n' +
    '    select 1 from pg_catalog.jsonb_array_elements(v_snapshot_sources) s\n' +
    '    where private.lukas_drawing_structure_action_valid(\n' +
    '      pg_catalog.jsonb_build_object(\n' +
    "        'kind','put_source','entity',s,'baseVersion',null\n" +
    '      ),p_revision_id\n' +
    '    ) is not true\n' +
    '      or not exists(\n' +
    '        select 1 from pg_catalog.jsonb_array_elements(\n' +
    "          v_snapshot.canonical_json->'objects'\n" +
    "        ) o where o->>'id'=s->>'objectId'\n" +
    '      )\n' +
    '      or not exists(\n' +
    '        select 1 from public.lukas_qto_files f\n' +
    "        where f.id=(s->>'sourceFileId')::uuid\n" +
    '          and f.project_id=v_revision.project_id\n' +
    "          and f.sha256=s->>'sourceSha256' and f.immutable\n" +
    '          and (\n' +
    "            s->>'sourceKind'='pdf_region' and f.kind='pdf'\n" +
    "            or s->>'sourceKind'='ifc_element' and f.kind='ifc'\n" +
    "            or s->>'sourceKind'='dxf_entity' and f.kind='dxf' or s->>'sourceKind'='dwg_entity' and f.kind='dwg'\n" +
    '          )\n' +
    '      )\n' +
    '  ) or exists(\n' +
    '    select 1 from pg_catalog.jsonb_array_elements(v_snapshot_sources) s\n' +
    "    group by s->>'objectId',s->>'sourceFileId',s->>'sourceKind'\n" +
    '    having pg_catalog.count(*)>1\n' +
    '  ) or exists(\n' +
    '    select 1 from pg_catalog.jsonb_array_elements(\n' +
    "      v_snapshot.canonical_json->'issues'\n" +
    '    ) i\n' +
    "    where not (i ?& array['id','objectId'])\n" +
    "      or i-array['id','objectId']<>'{}'::jsonb\n" +
    '      or not exists(\n' +
    '        select 1 from pg_catalog.jsonb_array_elements(\n' +
    "          v_snapshot.canonical_json->'objects'\n" +
    "        ) o where o->>'id'=i->>'objectId'\n" +
    '      )\n' +
    '      or not exists(\n' +
    '        select 1 from public.lukas_drawing_issues x\n' +
    "        where x.id=(i->>'id')::uuid and x.project_id=v_revision.project_id\n" +
    '      )\n' +
    '  ) or exists(\n' +
    '    select 1 from pg_catalog.jsonb_array_elements(\n' +
    "      v_snapshot.canonical_json->'issues'\n" +
    "    ) i group by i->>'id',i->>'objectId' having pg_catalog.count(*)>1\n" +
    "  ) then raise exception using errcode='P1C01',\n" +
    "    message='Drawing checkpoint source graph is invalid'; end if;\n" +
    '\n' +
    '  select coalesce(\n' +
    "    pg_catalog.jsonb_agg(a.value order by a.ordinality),'[]'::jsonb\n" +
    '  ) into v_sources\n' +
    "  from pg_catalog.jsonb_array_elements(p_forward->'actions')\n" +
    '    with ordinality a(value,ordinality)\n' +
    "  where a.value->>'kind' in('put_source','delete_source');\n" +
    '  select coalesce(\n' +
    "    pg_catalog.jsonb_agg(a.value order by a.ordinality),'[]'::jsonb\n" +
    '  ) into v_inverse_sources\n' +
    "  from pg_catalog.jsonb_array_elements(p_inverse->'actions')\n" +
    '    with ordinality a(value,ordinality)\n' +
    "  where a.value->>'kind' in('put_source','delete_source');\n" +
    '  v_plan:=private.lukas_drawing_validate_source_actions(\n' +
    '    p_revision_id,v_revision.project_id,v_sources,v_inverse_sources\n' +
    '  );\n' +
    '  select pg_catalog.array_agg(key) into v_source_ids\n' +
    "  from pg_catalog.jsonb_object_keys(v_plan->'results') key;\n" +
    '  v_core_bases:=p_base_versions-coalesce(v_source_ids,array[]::text[]);\n' +
    "  if p_base_versions is distinct from v_core_bases||(v_plan->'bases') then\n" +
    "    raise exception using errcode='P1C01',\n" +
    "      message='Drawing checkpoint source base versions are incomplete';\n" +
    '  end if;\n' +
    "  select pg_catalog.jsonb_set(p_forward,'{actions}',coalesce(\n" +
    '    pg_catalog.jsonb_agg(a.value order by a.ordinality)\n' +
    "      filter(where a.value->>'kind' not in('put_source','delete_source')),\n" +
    "    '[]'::jsonb),false) into v_core\n" +
    "  from pg_catalog.jsonb_array_elements(p_forward->'actions')\n" +
    '    with ordinality a(value,ordinality);\n' +
    "  select pg_catalog.jsonb_set(p_inverse,'{actions}',coalesce(\n" +
    '    pg_catalog.jsonb_agg(a.value order by a.ordinality)\n' +
    "      filter(where a.value->>'kind' not in('put_source','delete_source')),\n" +
    "    '[]'::jsonb),false) into v_inverse_core\n" +
    "  from pg_catalog.jsonb_array_elements(p_inverse->'actions')\n" +
    '    with ordinality a(value,ordinality);\n' +
    '\n' +
    '  insert into private.lukas_drawing_checkpoint_reference_targets(\n' +
    '    transaction_id,actor_id,revision_id,snapshot_id,sources,issues\n' +
    '  ) values(\n' +
    '    pg_catalog.txid_current(),v_actor,p_revision_id,v_snapshot.id,\n' +
    "    v_snapshot_sources,v_snapshot.canonical_json->'issues'\n" +
    '  );\n' +
    '  insert into private.lukas_drawing_checkpoint_issue_delete_leases(\n' +
    '    transaction_id,actor_id,revision_id,link_id\n' +
    '  ) select pg_catalog.txid_current(),v_actor,p_revision_id,l.id\n' +
    '    from public.lukas_drawing_object_issue_links l\n' +
    '    where l.revision_id=p_revision_id and not exists(\n' +
    '      select 1 from pg_catalog.jsonb_array_elements(\n' +
    "        v_snapshot.canonical_json->'issues'\n" +
    "      ) i where i->>'id'=l.issue_id::text and i->>'objectId'=l.object_id::text\n" +
    '    );\n' +
    '  insert into private.lukas_drawing_checkpoint_reference_history(\n' +
    '    revision_id,project_id,snapshot_id,client_operation_id,actor_id,\n' +
    '    link_kind,action,link_identity\n' +
    '  ) select p_revision_id,v_revision.project_id,v_snapshot.id,\n' +
    "      p_client_operation_id,v_actor,'issue','delete',pg_catalog.to_jsonb(l)\n" +
    '    from public.lukas_drawing_object_issue_links l\n' +
    '    join private.lukas_drawing_checkpoint_issue_delete_leases x\n' +
    '      on x.transaction_id=pg_catalog.txid_current() and x.actor_id=v_actor\n' +
    '      and x.revision_id=p_revision_id and x.link_id=l.id;\n' +
    '  delete from public.lukas_drawing_object_issue_links l\n' +
    '  using private.lukas_drawing_checkpoint_issue_delete_leases x\n' +
    '  where x.transaction_id=pg_catalog.txid_current() and x.actor_id=v_actor\n' +
    '    and x.revision_id=p_revision_id and x.link_id=l.id;\n' +
    '\n' +
    '  for v_action in\n' +
    "    select value from pg_catalog.jsonb_array_elements(p_forward->'actions')\n" +
    '  loop\n' +
    "    if v_action->>'kind' in('put_source','delete_source') then\n" +
    "      v_identity:=case when v_action->>'kind'='put_source'\n" +
    "        then v_action->'entity'\n" +
    '        else private.lukas_drawing_source_json(\n' +
    "          (v_action->>'id')::uuid,p_revision_id,v_revision.project_id,true\n" +
    '        ) end;\n' +
    '      insert into private.lukas_drawing_checkpoint_reference_history(\n' +
    '        revision_id,project_id,snapshot_id,client_operation_id,actor_id,\n' +
    '        link_kind,action,link_identity\n' +
    '      ) values(\n' +
    '        p_revision_id,v_revision.project_id,v_snapshot.id,\n' +
    "        p_client_operation_id,v_actor,'source',\n" +
    "        case when v_action->>'kind'='put_source' then 'restore'\n" +
    "          else 'delete' end,\n" +
    '        v_identity\n' +
    '      );\n' +
    '    end if;\n' +
    '  end loop;\n' +
    '\n' +
    "  if pg_catalog.jsonb_array_length(v_core->'actions')=0 then\n" +
    '    select coalesce(pg_catalog.max(o.sequence),0)+1 into v_sequence\n' +
    '    from public.lukas_drawing_operations o where o.revision_id=p_revision_id;\n' +
    '    v_operation_id:=extensions.gen_random_uuid();\n' +
    "    v_results:=v_plan->'results';\n" +
    '    insert into public.lukas_drawing_opera'... 3861 more characters,
  internal_position: '10175',
  internal_query: '\n' +
    'declare\n' +
    '  v_actor uuid:=(select auth.uid());\n' +
    '  v_revision public.lukas_drawing_revisions%rowtype;\n' +
    '  v_snapshot public.lukas_drawing_snapshots%rowtype;\n' +
    '  v_existing public.lukas_drawing_operations%rowtype;\n' +
    '  v_issue jsonb; v_action jsonb; v_identity jsonb; v_result jsonb;\n' +
    '  v_sources jsonb; v_inverse_sources jsonb; v_core jsonb; v_inverse_core jsonb;\n' +
    '  v_plan jsonb; v_core_bases jsonb; v_results jsonb; v_live_sources jsonb;\n' +
    '  v_snapshot_sources jsonb; v_target_sources jsonb; v_live_issues jsonb;\n' +
    '  v_source_ids text[];\n' +
    '  v_operation_id uuid; v_sequence bigint;\n' +
    'begin\n' +
    "  if p_operation_type<>'restore_checkpoint' then\n" +
    '    return private.lukas_drawing_apply_operation_pre_p5_checkpoint_sources(\n' +
    '      p_revision_id,p_client_operation_id,p_operation_type,p_base_versions,\n' +
    '      p_forward,p_inverse,p_history_action,p_original_operation_id\n' +
    '    );\n' +
    '  end if;\n' +
    '  select s.* into v_snapshot from public.lukas_drawing_snapshots s\n' +
    "  where s.id=(p_forward->>'checkpointId')::uuid\n" +
    '    and s.revision_id=p_revision_id for share;\n' +
    '  if not found or not (\n' +
    '    exists(\n' +
    '      select 1 from pg_catalog.jsonb_array_elements(\n' +
    "        v_snapshot.canonical_json->'sources'\n" +
    "      ) s where s ? 'revisionId'\n" +
    '    )\n' +
    '    or exists(\n' +
    "      select 1 from pg_catalog.jsonb_array_elements(p_forward->'actions') a\n" +
    "      where a->>'kind' in('put_source','delete_source')\n" +
    '    )\n' +
    '  ) then\n' +
    '    return private.lukas_drawing_apply_operation_pre_p5_checkpoint_sources(\n' +
    '      p_revision_id,p_client_operation_id,p_operation_type,p_base_versions,\n' +
    '      p_forward,p_inverse,p_history_action,p_original_operation_id\n' +
    '    );\n' +
    '  end if;\n' +
    '  select o.* into v_existing from public.lukas_drawing_operations o\n' +
    '  where o.revision_id=p_revision_id\n' +
    '    and o.client_operation_id=p_client_operation_id;\n' +
    '  if found then\n' +
    '    if v_existing.actor_id is distinct from v_actor\n' +
    '      or v_existing.operation_type is distinct from p_operation_type\n' +
    '      or v_existing.base_versions is distinct from p_base_versions\n' +
    '      or v_existing.forward is distinct from p_forward\n' +
    '      or v_existing.inverse is distinct from p_inverse\n' +
    '      or v_existing.history_action is distinct from p_history_action\n' +
    '      or v_existing.original_operation_id is distinct from p_original_operation_id\n' +
    "    then raise exception using errcode='P1C01',\n" +
    "      message='Drawing operation idempotency key does not match the stored request';\n" +
    '    end if;\n' +
    '    return pg_catalog.jsonb_build_object(\n' +
    "      'operationId',v_existing.id,'sequence',v_existing.sequence,\n" +
    "      'resultVersions',v_existing.result_versions\n" +
    '    );\n' +
    '  end if;\n' +
    '  select r.* into v_revision from public.lukas_drawing_revisions r\n' +
    "  where r.id=p_revision_id and r.status='draft'\n" +
    '    and private.lukas_drawing_workspace_capability(r.project_id)\n' +
    "      in('admin','editor')\n" +
    '  for update;\n' +
    '  if not found or v_snapshot.schema_version<>2\n' +
    '    or v_snapshot.sha256 is distinct from pg_catalog.encode(\n' +
    '      extensions.digest(pg_catalog.convert_to(\n' +
    "        v_snapshot.canonical_json::text,'UTF8'),'sha256'),'hex'\n" +
    '    )\n' +
    "  then raise exception using errcode='P1C01',\n" +
    "    message='Drawing checkpoint reference target is invalid'; end if;\n" +
    '  v_snapshot_sources:=private.lukas_drawing_p5_checkpoint_sources(\n' +
    "    v_snapshot.canonical_json->'sources',p_revision_id\n" +
    '  );\n' +
    '  if exists(\n' +
    '    select 1 from pg_catalog.jsonb_array_elements(v_snapshot_sources) s\n' +
    '    where private.lukas_drawing_structure_action_valid(\n' +
    '      pg_catalog.jsonb_build_object(\n' +
    "        'kind','put_source','entity',s,'baseVersion',null\n" +
    '      ),p_revision_id\n' +
    '    ) is not true\n' +
    '      or not exists(\n' +
    '        select 1 from pg_catalog.jsonb_array_elements(\n' +
    "          v_snapshot.canonical_json->'objects'\n" +
    "        ) o where o->>'id'=s->>'objectId'\n" +
    '      )\n' +
    '      or not exists(\n' +
    '        select 1 from public.lukas_qto_files f\n' +
    "        where f.id=(s->>'sourceFileId')::uuid\n" +
    '          and f.project_id=v_revision.project_id\n' +
    "          and f.sha256=s->>'sourceSha256' and f.immutable\n" +
    '          and (\n' +
    "            s->>'sourceKind'='pdf_region' and f.kind='pdf'\n" +
    "            or s->>'sourceKind'='ifc_element' and f.kind='ifc'\n" +
    "            or s->>'sourceKind'='dxf_entity' and f.kind='dxf' or s->>'sourceKind'='dwg_entity' and f.kind='dwg'\n" +
    '          )\n' +
    '      )\n' +
    '  ) or exists(\n' +
    '    select 1 from pg_catalog.jsonb_array_elements(v_snapshot_sources) s\n' +
    "    group by s->>'objectId',s->>'sourceFileId',s->>'sourceKind'\n" +
    '    having pg_catalog.count(*)>1\n' +
    '  ) or exists(\n' +
    '    select 1 from pg_catalog.jsonb_array_elements(\n' +
    "      v_snapshot.canonical_json->'issues'\n" +
    '    ) i\n' +
    "    where not (i ?& array['id','objectId'])\n" +
    "      or i-array['id','objectId']<>'{}'::jsonb\n" +
    '      or not exists(\n' +
    '        select 1 from pg_catalog.jsonb_array_elements(\n' +
    "          v_snapshot.canonical_json->'objects'\n" +
    "        ) o where o->>'id'=i->>'objectId'\n" +
    '      )\n' +
    '      or not exists(\n' +
    '        select 1 from public.lukas_drawing_issues x\n' +
    "        where x.id=(i->>'id')::uuid and x.project_id=v_revision.project_id\n" +
    '      )\n' +
    '  ) or exists(\n' +
    '    select 1 from pg_catalog.jsonb_array_elements(\n' +
    "      v_snapshot.canonical_json->'issues'\n" +
    "    ) i group by i->>'id',i->>'objectId' having pg_catalog.count(*)>1\n" +
    "  ) then raise exception using errcode='P1C01',\n" +
    "    message='Drawing checkpoint source graph is invalid'; end if;\n" +
    '\n' +
    '  select coalesce(\n' +
    "    pg_catalog.jsonb_agg(a.value order by a.ordinality),'[]'::jsonb\n" +
    '  ) into v_sources\n' +
    "  from pg_catalog.jsonb_array_elements(p_forward->'actions')\n" +
    '    with ordinality a(value,ordinality)\n' +
    "  where a.value->>'kind' in('put_source','delete_source');\n" +
    '  select coalesce(\n' +
    "    pg_catalog.jsonb_agg(a.value order by a.ordinality),'[]'::jsonb\n" +
    '  ) into v_inverse_sources\n' +
    "  from pg_catalog.jsonb_array_elements(p_inverse->'actions')\n" +
    '    with ordinality a(value,ordinality)\n' +
    "  where a.value->>'kind' in('put_source','delete_source');\n" +
    '  v_plan:=private.lukas_drawing_validate_source_actions(\n' +
    '    p_revision_id,v_revision.project_id,v_sources,v_inverse_sources\n' +
    '  );\n' +
    '  select pg_catalog.array_agg(key) into v_source_ids\n' +
    "  from pg_catalog.jsonb_object_keys(v_plan->'results') key;\n" +
    '  v_core_bases:=p_base_versions-coalesce(v_source_ids,array[]::text[]);\n' +
    "  if p_base_versions is distinct from v_core_bases||(v_plan->'bases') then\n" +
    "    raise exception using errcode='P1C01',\n" +
    "      message='Drawing checkpoint source base versions are incomplete';\n" +
    '  end if;\n' +
    "  select pg_catalog.jsonb_set(p_forward,'{actions}',coalesce(\n" +
    '    pg_catalog.jsonb_agg(a.value order by a.ordinality)\n' +
    "      filter(where a.value->>'kind' not in('put_source','delete_source')),\n" +
    "    '[]'::jsonb),false) into v_core\n" +
    "  from pg_catalog.jsonb_array_elements(p_forward->'actions')\n" +
    '    with ordinality a(value,ordinality);\n' +
    "  select pg_catalog.jsonb_set(p_inverse,'{actions}',coalesce(\n" +
    '    pg_catalog.jsonb_agg(a.value order by a.ordinality)\n' +
    "      filter(where a.value->>'kind' not in('put_source','delete_source')),\n" +
    "    '[]'::jsonb),false) into v_inverse_core\n" +
    "  from pg_catalog.jsonb_array_elements(p_inverse->'actions')\n" +
    '    with ordinality a(value,ordinality);\n' +
    '\n' +
    '  insert into private.lukas_drawing_checkpoint_reference_targets(\n' +
    '    transaction_id,actor_id,revision_id,snapshot_id,sources,issues\n' +
    '  ) values(\n' +
    '    pg_catalog.txid_current(),v_actor,p_revision_id,v_snapshot.id,\n' +
    "    v_snapshot_sources,v_snapshot.canonical_json->'issues'\n" +
    '  );\n' +
    '  insert into private.lukas_drawing_checkpoint_issue_delete_leases(\n' +
    '    transaction_id,actor_id,revision_id,link_id\n' +
    '  ) select pg_catalog.txid_current(),v_actor,p_revision_id,l.id\n' +
    '    from public.lukas_drawing_object_issue_links l\n' +
    '    where l.revision_id=p_revision_id and not exists(\n' +
    '      select 1 from pg_catalog.jsonb_array_elements(\n' +
    "        v_snapshot.canonical_json->'issues'\n" +
    "      ) i where i->>'id'=l.issue_id::text and i->>'objectId'=l.object_id::text\n" +
    '    );\n' +
    '  insert into private.lukas_drawing_checkpoint_reference_history(\n' +
    '    revision_id,project_id,snapshot_id,client_operation_id,actor_id,\n' +
    '    link_kind,action,link_identity\n' +
    '  ) select p_revision_id,v_revision.project_id,v_snapshot.id,\n' +
    "      p_client_operation_id,v_actor,'issue','delete',pg_catalog.to_jsonb(l)\n" +
    '    from public.lukas_drawing_object_issue_links l\n' +
    '    join private.lukas_drawing_checkpoint_issue_delete_leases x\n' +
    '      on x.transaction_id=pg_catalog.txid_current() and x.actor_id=v_actor\n' +
    '      and x.revision_id=p_revision_id and x.link_id=l.id;\n' +
    '  delete from public.lukas_drawing_object_issue_links l\n' +
    '  using private.lukas_drawing_checkpoint_issue_delete_leases x\n' +
    '  where x.transaction_id=pg_catalog.txid_current() and x.actor_id=v_actor\n' +
    '    and x.revision_id=p_revision_id and x.link_id=l.id;\n' +
    '\n' +
    '  for v_action in\n' +
    "    select value from pg_catalog.jsonb_array_elements(p_forward->'actions')\n" +
    '  loop\n' +
    "    if v_action->>'kind' in('put_source','delete_source') then\n" +
    "      v_identity:=case when v_action->>'kind'='put_source'\n" +
    "        then v_action->'entity'\n" +
    '        else private.lukas_drawing_source_json(\n' +
    "          (v_action->>'id')::uuid,p_revision_id,v_revision.project_id,true\n" +
    '        ) end;\n' +
    '      insert into private.lukas_drawing_checkpoint_reference_history(\n' +
    '        revision_id,project_id,snapshot_id,client_operation_id,actor_id,\n' +
    '        link_kind,action,link_identity\n' +
    '      ) values(\n' +
    '        p_revision_id,v_revision.project_id,v_snapshot.id,\n' +
    "        p_client_operation_id,v_actor,'source',\n" +
    "        case when v_action->>'kind'='put_source' then 'restore'\n" +
    "          else 'delete' end,\n" +
    '        v_identity\n' +
    '      );\n' +
    '    end if;\n' +
    '  end loop;\n' +
    '\n' +
    "  if pg_catalog.jsonb_array_length(v_core->'actions')=0 then\n" +
    '    select coalesce(pg_catalog.max(o.sequence),0)+1 into v_sequence\n' +
    '    from public.lukas_drawing_operations o where o.revision_id=p_revision_id;\n' +
    '    v_operation_id:=extensions.gen_random_uuid();\n' +
    "    v_results:=v_plan->'results';\n" +
    '    insert into public.lukas_drawing_operations(\n' +
    '      id,revision_id,project_id,sequence,client_operation_id,operation_type,\n' +
    '      base_versions,forward,inverse,result_versions,actor_id,\n' +
    '      history_action,original_operation_id\n' +
    '    ) values(\n' +
    '      v_operation_id,p_revision_id,v_revision.project_id,v_sequence,\n' +
    '      p_client_operation_id,p_operation_type,p_base_versions,p_forward,\n' +
    '      p_inverse,v_results,v_'... 3389 more characters,
  file: 'scansup.c',
  line: '99',
  routine: 'truncate_identifier'
}
✔ referenced material bytes survive owner staff and viewer while staged uploads clean up (6871.664916ms)
ℹ tests 4
ℹ suites 0
ℹ pass 3
ℹ fail 0
ℹ cancelled 0
ℹ skipped 1
ℹ todo 0
ℹ duration_ms 6926.67725
[WebServer] (node:1973) Warning: The 'NO_COLOR' env is ignored due to the 'FORCE_COLOR' env being set.
[WebServer] (Use `node --trace-warnings ...` to show where the warning was created)

[WebServer] (node:1996) Warning: The 'NO_COLOR' env is ignored due to the 'FORCE_COLOR' env being set.
[WebServer] (Use `node --trace-warnings ...` to show where the warning was created)

[WebServer] The "theme" cookie is not signed, but session cookies should be signed to prevent tampering on the client before they are sent back to the server. See https://reactrouter.com/explanation/sessions-and-cookies#signing-cookies for more information.


Running 23 tests using 1 worker

(node:2056) Warning: The 'NO_COLOR' env is ignored due to the 'FORCE_COLOR' env being set.
(Use `node --trace-warnings ...` to show where the warning was created)


[1/23] [chromium] › e2e/drawing-workspace-m1-estimator.spec.ts:1517:3 › 1HK Universal Workspace M1 production-shaped authority › workspace scope uses the signed-in member role and keeps one settings menu
[2/23] [chromium] › e2e/drawing-workspace-m1-estimator.spec.ts:1551:3 › 1HK Universal Workspace M1 production-shaped authority › direct blank creation needs no project input and preserves retries, saved geometry, and recent drawings
[3/23] [chromium] › e2e/drawing-workspace-m1-estimator.spec.ts:1791:3 › 1HK Universal Workspace M1 production-shaped authority › direct template and import entry share the personal project while forged Viewer targets are rejected
[4/23] [chromium] › e2e/drawing-workspace-m1-estimator.spec.ts:1920:3 › 1HK Universal Workspace M1 production-shaped authority › a truly empty project starts on a source-null canonical workspace
[5/23] [chromium] › e2e/drawing-workspace-m1-estimator.spec.ts:1968:3 › 1HK Universal Workspace M1 production-shaped authority › a blank workspace uploads DXF and returns to the same workspace ready to import
[WebServer] [beforeSync] Clients cannot rewrite protected collaboration state.

[WebServer] closing connection 232ce5dc-89ae-4fbc-b9e5-2d8440e5b61a (while handling drawing:23b11745-806a-4ead-b47b-dc9fb04f7bc9:b0fdf9a5-7d43-44fb-a484-db0aa75d1eec) because of exception Error: Clients cannot rewrite protected collaboration state.
[WebServer]     at validateDrawingClientUpdate (file:///Users/h/Documents/GoAgent/.worktrees/universal-workspace-m1/.superpowers/sdd/2026-09-06-native-dwg-approved-resave-source/runtime-validation/shared-runtime.ugp7sy/platform/collaboration/dist/collaboration/src/server.js:256:19)
[WebServer]     at Object.beforeSync (file:///Users/h/Documents/GoAgent/.worktrees/universal-workspace-m1/.superpowers/sdd/2026-09-06-native-dwg-approved-resave-source/runtime-validation/shared-runtime.ugp7sy/platform/collaboration/dist/collaboration/src/server.js:546:13)
[WebServer]     at process.processTicksAndRejections (node:internal/process/task_queues:104:5)
[WebServer]     at async MessageReceiver.readSyncMessage (file:///Users/h/Documents/GoAgent/.worktrees/universal-workspace-m1/platform/node_modules/@hocuspocus/server/dist/hocuspocus-server.esm.js:251:19)
[WebServer]     at async MessageReceiver.apply (file:///Users/h/Documents/GoAgent/.worktrees/universal-workspace-m1/platform/node_modules/@hocuspocus/server/dist/hocuspocus-server.esm.js:190:5)
[WebServer]     at async Connection.processMessages (file:///Users/h/Documents/GoAgent/.worktrees/universal-workspace-m1/platform/node_modules/@hocuspocus/server/dist/hocuspocus-server.esm.js:460:6)

[6/23] [chromium] › e2e/drawing-workspace-m1-estimator.spec.ts:2109:3 › 1HK Universal Workspace M1 production-shaped authority › a signed-in owner creates a project, resumably uploads and verifies a PDF, then attaches it without changing source bytes
[WebServer] [beforeSync] Clients cannot rewrite protected collaboration state.


[WebServer] closing connection 93dcab59-6300-4ed2-918f-3fc369ed3f65 (while handling drawing:01a151ab-1188-48d7-a9d4-fd54c765a5f8:c7cb6b63-3bba-4d54-8a65-2c30c4866ff0) because of exception Error: Clients cannot rewrite protected collaboration state.
[WebServer]     at validateDrawingClientUpdate (file:///Users/h/Documents/GoAgent/.worktrees/universal-workspace-m1/.superpowers/sdd/2026-09-06-native-dwg-approved-resave-source/runtime-validation/shared-runtime.ugp7sy/platform/collaboration/dist/collaboration/src/server.js:256:19)
[WebServer]     at Object.beforeSync (file:///Users/h/Documents/GoAgent/.worktrees/universal-workspace-m1/.superpowers/sdd/2026-09-06-native-dwg-approved-resave-source/runtime-validation/shared-runtime.ugp7sy/platform/collaboration/dist/collaboration/src/server.js:546:13)
[WebServer]     at process.processTicksAndRejections (node:internal/process/task_queues:104:5)
[WebServer]     at async MessageReceiver.readSyncMessage (file:///Users/h/Documents/GoAgent/.worktrees/universal-workspace-m1/platform/node_modules/@hocuspocus/server/dist/hocuspocus-server.esm.js:251:19)
[WebServer]     at async MessageReceiver.apply (file:///Users/h/Documents/GoAgent/.worktrees/universal-workspace-m1/platform/node_modules/@hocuspocus/server/dist/hocuspocus-server.esm.js:190:5)
[WebServer]     at async Connection.processMessages (file:///Users/h/Documents/GoAgent/.worktrees/universal-workspace-m1/platform/node_modules/@hocuspocus/server/dist/hocuspocus-server.esm.js:460:6)
[7/23] [chromium] › e2e/drawing-workspace-m1-estimator.spec.ts:2975:3 › 1HK Universal Workspace M1 production-shaped authority › an editor reopens a selected IFC on a source-free workspace before attaching an immutable PDF
[WebServer] [beforeSync] Clients cannot rewrite protected collaboration state.

[WebServer] closing connection d3989ff0-e6e6-4952-b278-198386ac0549 (while handling drawing:53412a5d-682f-4f76-a148-940b2327ae6f:eca57104-2b53-4a77-9588-c8a877718060) because of exception Error: Clients cannot rewrite protected collaboration state.
[WebServer]     at validateDrawingClientUpdate (file:///Users/h/Documents/GoAgent/.worktrees/universal-workspace-m1/.superpowers/sdd/2026-09-06-native-dwg-approved-resave-source/runtime-validation/shared-runtime.ugp7sy/platform/collaboration/dist/collaboration/src/server.js:256:19)
[WebServer]     at Object.beforeSync (file:///Users/h/Documents/GoAgent/.worktrees/universal-workspace-m1/.superpowers/sdd/2026-09-06-native-dwg-approved-resave-source/runtime-validation/shared-runtime.ugp7sy/platform/collaboration/dist/collaboration/src/server.js:546:13)
[WebServer]     at process.processTicksAndRejections (node:internal/process/task_queues:104:5)
[WebServer]     at async MessageReceiver.readSyncMessage (file:///Users/h/Documents/GoAgent/.worktrees/universal-workspace-m1/platform/node_modules/@hocuspocus/server/dist/hocuspocus-server.esm.js:251:19)
[WebServer]     at async MessageReceiver.apply (file:///Users/h/Documents/GoAgent/.worktrees/universal-workspace-m1/platform/node_modules/@hocuspocus/server/dist/hocuspocus-server.esm.js:190:5)
[WebServer]     at async Connection.processMessages (file:///Users/h/Documents/GoAgent/.worktrees/universal-workspace-m1/platform/node_modules/@hocuspocus/server/dist/hocuspocus-server.esm.js:460:6)

[8/23] [chromium] › e2e/drawing-workspace-m1-estimator.spec.ts:3167:3 › 1HK Universal Workspace M1 production-shaped authority › one canonical object keeps PDF region and IFC GlobalId lineage with bidirectional focus and immutable sources
[9/23] [chromium] › e2e/drawing-workspace-m1-estimator.spec.ts:3484:3 › 1HK Universal Workspace M1 production-shaped authority › a verified DXF upload imports one durable object-source graph and rejects Viewer preparation before source lookup
[10/23] [chromium] › e2e/drawing-workspace-m1-estimator.spec.ts:3884:3 › 1HK Universal Workspace M1 production-shaped authority › estimator creates line area and count evidence and restores the bound draft after relogin
[11/23] [chromium] › e2e/drawing-workspace-m1-estimator.spec.ts:4226:3 › 1HK Universal Workspace M1 production-shaped authority › starter and PDF creation are idempotent and the PDF scale measures a known line
[12/23] [chromium] › e2e/drawing-workspace-m1-estimator.spec.ts:4441:3 › 1HK Universal Workspace M1 production-shaped authority › viewer counterexamples, staged drawing approval, confirmed quantities, BOQ approval, exports, and reverse lineage are exact
[13/23] [chromium] › e2e/drawing-workspace-m1-estimator.spec.ts:5397:3 › 1HK Universal Workspace M1 production-shaped authority › an Admin shares one frozen multi-canvas PDF revision while every direct client authority stays closed
[WebServer] Shared drawing resolution failed { code: 'DRAWING_SHARE_UNAVAILABLE', kind: 'http_404' }

[14/23] [chromium] › e2e/drawing-workspace-m1-estimator.spec.ts:5946:3 › 1HK Universal Workspace M1 production-shaped authority › approved BOQ material handoff preserves exact drawing-to-site lineage and Viewer denial
[15/23] [chromium] › e2e/drawing-workspace-m1-estimator.spec.ts:6856:3 › 1HK Universal Workspace M1 production-shaped authority › an owner publishes an approved estimator revision as a company template and an editor imports one immutable clone exactly once
[16/23] [chromium] › e2e/drawing-workspace-m1-estimator.spec.ts:7195:3 › 1HK Universal Workspace M1 production-shaped authority › a source-free canonical workspace keeps mentions and checkpoint restore on its document URL
[17/23] [chromium] › e2e/drawing-workspace-m1-estimator.spec.ts:7784:3 › 1HK Universal Workspace M1 production-shaped authority › saved issue regions preserve PDF canvas input ownership and accessible navigation
[18/23] [chromium] › e2e/drawing-workspace-m1-estimator.spec.ts:8006:3 › 1HK Universal Workspace M1 production-shaped authority › canonical Hocuspocus pages reflect edits and replay one offline outbox operation exactly once
[19/23] [chromium] › e2e/drawing-workspace-m1-estimator.spec.ts:8666:3 › 1HK Universal Workspace M1 production-shaped authority › legacy file, PDF, IFC, BOQ, and Revit routes remain production regressions
[20/23] [chromium] › e2e/drawing-workspace-m1-estimator.spec.ts:8720:3 › 1HK Universal Workspace M1 production-shaped authority › canonical 10k workspace records raw first-usable and frame evidence without widening targets
[21/23] [chromium] › e2e/drawing-workspace-m1-estimator.spec.ts:8944:3 › 1HK Universal Workspace M1 production-shaped authority › IFC and DXF source deep links create canonical workspaces while Viewer keeps read-only file access
[22/23] [chromium] › e2e/drawing-workspace-m1-estimator.spec.ts:9029:3 › 1HK Universal Workspace M1 production-shaped authority › desktop and compact production layouts, start focus labels, and PDF failure containment have visual evidence
[23/23] [chromium] › e2e/drawing-workspace-m1-estimator.spec.ts:9261:3 › 1HK Universal Workspace M1 production-shaped authority › native examples clone without upload, keep A3 output and import editable symbols without granting Viewer writes
[WebServer] [beforeSync] Clients cannot rewrite protected collaboration state.

[WebServer] closing connection 31eecc69-6be2-4ecd-a653-2fd058c641fe (while handling drawing:53412a5d-682f-4f76-a148-940b2327ae6f:7957f335-980d-4ff3-88fe-957e14f6e8f6) because of exception Error: Clients cannot rewrite protected collaboration state.
[WebServer]     at validateDrawingClientUpdate (file:///Users/h/Documents/GoAgent/.worktrees/universal-workspace-m1/.superpowers/sdd/2026-09-06-native-dwg-approved-resave-source/runtime-validation/shared-runtime.ugp7sy/platform/collaboration/dist/collaboration/src/server.js:256:19)
[WebServer]     at Object.beforeSync (file:///Users/h/Documents/GoAgent/.worktrees/universal-workspace-m1/.superpowers/sdd/2026-09-06-native-dwg-approved-resave-source/runtime-validation/shared-runtime.ugp7sy/platform/collaboration/dist/collaboration/src/server.js:546:13)
[WebServer]     at process.processTicksAndRejections (node:internal/process/task_queues:104:5)
[WebServer]     at async MessageReceiver.readSyncMessage (file:///Users/h/Documents/GoAgent/.worktrees/universal-workspace-m1/platform/node_modules/@hocuspocus/server/dist/hocuspocus-server.esm.js:251:19)
[WebServer]     at async MessageReceiver.apply (file:///Users/h/Documents/GoAgent/.worktrees/universal-workspace-m1/platform/node_modules/@hocuspocus/server/dist/hocuspocus-server.esm.js:190:5)
[WebServer]     at async Connection.processMessages (file:///Users/h/Documents/GoAgent/.worktrees/universal-workspace-m1/platform/node_modules/@hocuspocus/server/dist/hocuspocus-server.esm.js:460:6)

[WebServer] [beforeSync] Clients cannot rewrite protected collaboration state.


[WebServer] closing connection f5b82603-0263-4972-bb40-8b421225a73a (while handling drawing:53412a5d-682f-4f76-a148-940b2327ae6f:53e9b4e3-d0e0-4823-a7ff-a87a50de8ad4) because of exception Error: Clients cannot rewrite protected collaboration state.
[WebServer]     at validateDrawingClientUpdate (file:///Users/h/Documents/GoAgent/.worktrees/universal-workspace-m1/.superpowers/sdd/2026-09-06-native-dwg-approved-resave-source/runtime-validation/shared-runtime.ugp7sy/platform/collaboration/dist/collaboration/src/server.js:256:19)
[WebServer]     at Object.beforeSync (file:///Users/h/Documents/GoAgent/.worktrees/universal-workspace-m1/.superpowers/sdd/2026-09-06-native-dwg-approved-resave-source/runtime-validation/shared-runtime.ugp7sy/platform/collaboration/dist/collaboration/src/server.js:546:13)
[WebServer]     at process.processTicksAndRejections (node:internal/process/task_queues:104:5)
[WebServer]     at async MessageReceiver.readSyncMessage (file:///Users/h/Documents/GoAgent/.worktrees/universal-workspace-m1/platform/node_modules/@hocuspocus/server/dist/hocuspocus-server.esm.js:251:19)
[WebServer]     at async MessageReceiver.apply (file:///Users/h/Documents/GoAgent/.worktrees/universal-workspace-m1/platform/node_modules/@hocuspocus/server/dist/hocuspocus-server.esm.js:190:5)
[WebServer]     at async Connection.processMessages (file:///Users/h/Documents/GoAgent/.worktrees/universal-workspace-m1/platform/node_modules/@hocuspocus/server/dist/hocuspocus-server.esm.js:460:6)
[WebServer] [beforeSync] Clients cannot rewrite protected collaboration state.
[WebServer] closing connection 68bfd539-5bbd-4029-9bb8-e53f0d349324 (while handling drawing:53412a5d-682f-4f76-a148-940b2327ae6f:b9b1cdbd-b89a-491f-a039-131fa7f654a4) because of exception Error: Clients cannot rewrite protected collaboration state.
[WebServer]     at validateDrawingClientUpdate (file:///Users/h/Documents/GoAgent/.worktrees/universal-workspace-m1/.superpowers/sdd/2026-09-06-native-dwg-approved-resave-source/runtime-validation/shared-runtime.ugp7sy/platform/collaboration/dist/collaboration/src/server.js:256:19)
[WebServer]     at Object.beforeSync (file:///Users/h/Documents/GoAgent/.worktrees/universal-workspace-m1/.superpowers/sdd/2026-09-06-native-dwg-approved-resave-source/runtime-validation/shared-runtime.ugp7sy/platform/collaboration/dist/collaboration/src/server.js:546:13)
[WebServer]     at process.processTicksAndRejections (node:internal/process/task_queues:104:5)
[WebServer]     at async MessageReceiver.readSyncMessage (file:///Users/h/Documents/GoAgent/.worktrees/universal-workspace-m1/platform/node_modules/@hocuspocus/server/dist/hocuspocus-server.esm.js:251:19)
[WebServer]     at async MessageReceiver.apply (file:///Users/h/Documents/GoAgent/.worktrees/universal-workspace-m1/platform/node_modules/@hocuspocus/server/dist/hocuspocus-server.esm.js:190:5)
[WebServer]     at async Connection.processMessages (file:///Users/h/Documents/GoAgent/.worktrees/universal-workspace-m1/platform/node_modules/@hocuspocus/server/dist/hocuspocus-server.esm.js:460:6)


[WebServer] [beforeSync] Clients cannot rewrite protected collaboration state.


[WebServer] closing connection 87b5ebf9-4786-41c2-a029-623195e000cd (while handling drawing:53412a5d-682f-4f76-a148-940b2327ae6f:c3c0f87b-4036-498b-a593-9b4957b703be) because of exception Error: Clients cannot rewrite protected collaboration state.
[WebServer]     at validateDrawingClientUpdate (file:///Users/h/Documents/GoAgent/.worktrees/universal-workspace-m1/.superpowers/sdd/2026-09-06-native-dwg-approved-resave-source/runtime-validation/shared-runtime.ugp7sy/platform/collaboration/dist/collaboration/src/server.js:256:19)
[WebServer]     at Object.beforeSync (file:///Users/h/Documents/GoAgent/.worktrees/universal-workspace-m1/.superpowers/sdd/2026-09-06-native-dwg-approved-resave-source/runtime-validation/shared-runtime.ugp7sy/platform/collaboration/dist/collaboration/src/server.js:546:13)
[WebServer]     at process.processTicksAndRejections (node:internal/process/task_queues:104:5)
[WebServer]     at async MessageReceiver.readSyncMessage (file:///Users/h/Documents/GoAgent/.worktrees/universal-workspace-m1/platform/node_modules/@hocuspocus/server/dist/hocuspocus-server.esm.js:251:19)
[WebServer]     at async MessageReceiver.apply (file:///Users/h/Documents/GoAgent/.worktrees/universal-workspace-m1/platform/node_modules/@hocuspocus/server/dist/hocuspocus-server.esm.js:190:5)
[WebServer]     at async Connection.processMessages (file:///Users/h/Documents/GoAgent/.worktrees/universal-workspace-m1/platform/node_modules/@hocuspocus/server/dist/hocuspocus-server.esm.js:460:6)
[WebServer] [beforeSync] Clients cannot rewrite protected collaboration state.


[WebServer] closing connection 4e1623eb-e94c-4c50-9aa3-6e218a4e9d27 (while handling drawing:53412a5d-682f-4f76-a148-940b2327ae6f:7957f335-980d-4ff3-88fe-957e14f6e8f6) because of exception Error: Clients cannot rewrite protected collaboration state.
[WebServer]     at validateDrawingClientUpdate (file:///Users/h/Documents/GoAgent/.worktrees/universal-workspace-m1/.superpowers/sdd/2026-09-06-native-dwg-approved-resave-source/runtime-validation/shared-runtime.ugp7sy/platform/collaboration/dist/collaboration/src/server.js:256:19)
[WebServer]     at Object.beforeSync (file:///Users/h/Documents/GoAgent/.worktrees/universal-workspace-m1/.superpowers/sdd/2026-09-06-native-dwg-approved-resave-source/runtime-validation/shared-runtime.ugp7sy/platform/collaboration/dist/collaboration/src/server.js:546:13)
[WebServer]     at process.processTicksAndRejections (node:internal/process/task_queues:104:5)
[WebServer]     at async MessageReceiver.readSyncMessage (file:///Users/h/Documents/GoAgent/.worktrees/universal-workspace-m1/platform/node_modules/@hocuspocus/server/dist/hocuspocus-server.esm.js:251:19)
[WebServer]     at async MessageReceiver.apply (file:///Users/h/Documents/GoAgent/.worktrees/universal-workspace-m1/platform/node_modules/@hocuspocus/server/dist/hocuspocus-server.esm.js:190:5)
[WebServer]     at async Connection.processMessages (file:///Users/h/Documents/GoAgent/.worktrees/universal-workspace-m1/platform/node_modules/@hocuspocus/server/dist/hocuspocus-server.esm.js:460:6)
[WebServer] [beforeSync] Clients cannot rewrite protected collaboration state.


[WebServer] closing connection b8f1081e-6e0d-41c2-838a-7b23d948476d (while handling drawing:53412a5d-682f-4f76-a148-940b2327ae6f:7957f335-980d-4ff3-88fe-957e14f6e8f6) because of exception Error: Clients cannot rewrite protected collaboration state.
[WebServer]     at validateDrawingClientUpdate (file:///Users/h/Documents/GoAgent/.worktrees/universal-workspace-m1/.superpowers/sdd/2026-09-06-native-dwg-approved-resave-source/runtime-validation/shared-runtime.ugp7sy/platform/collaboration/dist/collaboration/src/server.js:256:19)
[WebServer]     at Object.beforeSync (file:///Users/h/Documents/GoAgent/.worktrees/universal-workspace-m1/.superpowers/sdd/2026-09-06-native-dwg-approved-resave-source/runtime-validation/shared-runtime.ugp7sy/platform/collaboration/dist/collaboration/src/server.js:546:13)
[WebServer]     at process.processTicksAndRejections (node:internal/process/task_queues:104:5)
[WebServer]     at async MessageReceiver.readSyncMessage (file:///Users/h/Documents/GoAgent/.worktrees/universal-workspace-m1/platform/node_modules/@hocuspocus/server/dist/hocuspocus-server.esm.js:251:19)
[WebServer]     at async MessageReceiver.apply (file:///Users/h/Documents/GoAgent/.worktrees/universal-workspace-m1/platform/node_modules/@hocuspocus/server/dist/hocuspocus-server.esm.js:190:5)
[WebServer]     at async Connection.processMessages (file:///Users/h/Documents/GoAgent/.worktrees/universal-workspace-m1/platform/node_modules/@hocuspocus/server/dist/hocuspocus-server.esm.js:460:6)
[WebServer] [beforeHandleAwareness] Drawing collaboration target is unavailable

[WebServer] closing connection f461effe-0adf-4af5-a814-e54e122a4b0f (while handling drawing:53412a5d-682f-4f76-a148-940b2327ae6f:7957f335-980d-4ff3-88fe-957e14f6e8f6) because of exception PostgresError: Drawing collaboration target is unavailable
[WebServer]     at ErrorResponse (file:///Users/h/Documents/GoAgent/.worktrees/universal-workspace-m1/platform/node_modules/postgres/src/connection.js:788:26)
[WebServer]     at handle (file:///Users/h/Documents/GoAgent/.worktrees/universal-workspace-m1/platform/node_modules/postgres/src/connection.js:474:6)
[WebServer]     at Socket.data (file:///Users/h/Documents/GoAgent/.worktrees/universal-workspace-m1/platform/node_modules/postgres/src/connection.js:315:9)
[WebServer]     at Socket.emit (node:events:509:20)
[WebServer]     at addChunk (node:internal/streams/readable:568:12)
[WebServer]     at readableAddChunkPushByteMode (node:internal/streams/readable:519:3)
[WebServer]     at Readable.push (node:internal/streams/readable:399:5)
[WebServer]     at TCP.onStreamRead (node:internal/stream_base_commons:189:23)
[WebServer]     at cachedError (file:///Users/h/Documents/GoAgent/.worktrees/universal-workspace-m1/platform/node_modules/postgres/src/query.js:170:23)
[WebServer]     at new Query (file:///Users/h/Documents/GoAgent/.worktrees/universal-workspace-m1/platform/node_modules/postgres/src/query.js:36:24)
[WebServer]     at sql (file:///Users/h/Documents/GoAgent/.worktrees/universal-workspace-m1/platform/node_modules/postgres/src/index.js:112:11)
[WebServer]     at file:///Users/h/Documents/GoAgent/.worktrees/universal-workspace-m1/.superpowers/sdd/2026-09-06-native-dwg-approved-resave-source/runtime-validation/shared-runtime.ugp7sy/platform/collaboration/dist/collaboration/src/storage.js:143:43 {
[WebServer]   severity_local: 'ERROR',
[WebServer]   severity: 'ERROR',
[WebServer]   code: 'P3A01',
[WebServer]   where: 'PL/pgSQL function private.lukas_drawing_collaboration_authorize_pre_entitlement(uuid,uuid,uuid) line 10 at RAISE\n' +
[WebServer]     'SQL statement "select *\n' +
[WebServer]     '  from private.lukas_drawing_collaboration_authorize_pre_entitlement(\n' +
[WebServer]     '    p_user_id,p_project_id,p_revision_id\n' +
[WebServer]     '  )"\n' +
[WebServer]     'PL/pgSQL function private.lukas_drawing_collaboration_authorize(uuid,uuid,uuid) line 7 at RETURN QUERY',
[WebServer]   file: 'pl_exec.c',
[WebServer]   line: '3911',
[WebServer]   routine: 'exec_stmt_raise'
[WebServer] }

  23 passed (3.5m)
